,name&num,FOOD,name,num
0,"Tall Blonde French, 173",'chocolate shake',Tall Blonde French,173
1,"Chung Wah, 179",'dragon prawn',Chung Wah,179
2,"Stoner, 205","'cheesy burger', 'okish'",Stoner,205
3,"Stoner, 297","'cheesy burger', 'okish'",Stoner,297
4,"Ice Cream Works, 308",'ice cream',Ice Cream Works,308
5,"Marhaba, 322",'chicken biryani',Marhaba,322
6,"Bekal, 390",'neer dosas',Bekal,390
7,"Bhikaram Chandmal Bhujiawala, 435","'bhel', 'panipuri'",Bhikaram Chandmal Bhujiawala,435
8,"Aapni Rasoi, 518","'methi paratha','palak paneer'","Aapni Rasoi,Aapni Rasoi","518,518"
9,"Waffle Magic, 530","'waffle syrup','waffles'","Waffle Magic,Waffle Magic","530,530"
10,"Just Bake, 553",'samosas',Just Bake,553
11,"nu.tree, 578",'rice',nu.tree,578
12,"MISU, 635",'sushi',MISU,635
13,"Laddoos, 735","'samosas', 'kachoiri'",Laddoos,735
14,"Brooks and Bonds Brewery, 789",'pepperoni pizza',Brooks and Bonds Brewery,789
15,"52 Wall Street, 803",'ice tea',52 Wall Street,803
16,"Big Wong XL, 823","'chicken starter','juicy','cocum cumin cooler'","Big Wong XL,Big Wong XL,Big Wong XL","823,823,823"
17,"B.M.W - Bhookh Mitaane Wala, 851",'fruit custard',B.M.W - Bhookh Mitaane Wala,851
18,"Fire Station, 879","'spicy', 'delicious'",Fire Station,879
19,"Mast Kalandar, 908",'parathas',Mast Kalandar,908
20,"Big Wong XL, 935","'chicken starter','juicy','cocum cumin cooler'","Big Wong XL,Big Wong XL,Big Wong XL","935,935,935"
21,"Bathinda Junction, 948",'chicken curry',Bathinda Junction,948
22,"Madeena Hotel, 951",'ghee rice too',Madeena Hotel,951
23,"Salt - Indian Restaurant Bar & Grill, 983",'butter naan',Salt - Indian Restaurant Bar & Grill,983
24,"Smoor, 1027","'indiranagar','tasty'","Smoor,Smoor","1027,1027"
25,"MISU, 1071",'sushi',MISU,1071
26,"Vinaya Cafe, 1144",'masala dosa',Vinaya Cafe,1144
27,"Burger King, 1321",'paneer burger',Burger King,1321
28,"Flechazo, 1358",'keema pav',Flechazo,1358
29,"Smoor, 1372",'indiranagar',Smoor,1372
30,"Vinaya Cafe, 1385",'masala dosa',Vinaya Cafe,1385
31,"Matteo Coffea, 1393",'chocolate pastry',Matteo Coffea,1393
32,"Ice Cream Works, 1533",'ice cream',Ice Cream Works,1533
33,"Victoria Terminus, 1594",'kulfi',Victoria Terminus,1594
34,"Matteo Coffea, 1673",'chocolate pastry',Matteo Coffea,1673
35,"Stoner, 1715","'cheesy burger', 'okish'",Stoner,1715
36,"Rajdhani Thali Restaurant, 1771",'rice',Rajdhani Thali Restaurant,1771
37,"Kudla - Hotel Ramanashree, 1812","'neer dosa','crispy chicken'","Kudla - Hotel Ramanashree,Kudla - Hotel Ramanashree","1812,1812"
38,"nu.tree, 1898",'rice',nu.tree,1898
39,"Madeena Hotel, 1899",'ghee rice too',Madeena Hotel,1899
40,"Dash In, 2024",'butter chicken',Dash In,2024
41,"J's Cafe, 2094",'broccoli soup',J's Cafe,2094
42,"Punjabi Times, 2095",'mutton curry',Punjabi Times,2095
43,"Vinaya Cafe, 2099",'masala dosa',Vinaya Cafe,2099
44,"Sidewalk Cafe - Nahar's Heritage Hotel, 2105","'apple pie','exotica pizza'","Sidewalk Cafe - Nahar's Heritage Hotel,Sidewalk Cafe - Nahar's Heritage Hotel","2105,2105"
45,"Sunny Cafe & Kitchen, 2167",'chicken burger',Sunny Cafe & Kitchen,2167
46,"Cafe Mist, 2238",'ice tea',Cafe Mist,2238
47,"Dal Roti, 2262","'phulkas', 'dal'",Dal Roti,2262
48,"Waffle Magic, 2272","'waffle syrup','waffles'","Waffle Magic,Waffle Magic","2272,2272"
49,"Madurai Idly Shop, 2299",'coconut chutney',Madurai Idly Shop,2299
50,"Status, 2331",'filter coffee',Status,2331
51,"Madeena Hotel, 2335",'ghee rice too',Madeena Hotel,2335
52,"Kudla - Hotel Ramanashree, 2342","'neer dosa','crispy chicken'","Kudla - Hotel Ramanashree,Kudla - Hotel Ramanashree","2342,2342"
53,"Stoner, 2364","'cheesy burger', 'okish'",Stoner,2364
54,"MISU, 2379",'sushi',MISU,2379
55,"Dash In, 2401",'butter chicken',Dash In,2401
56,"The Punjabi Rasoi, 2441",'boondi raita',The Punjabi Rasoi,2441
57,"Chocolat Boulangerie Patisserie, 2490","'walnut brownie','chicken puff'","Chocolat Boulangerie Patisserie,Chocolat Boulangerie Patisserie","2490,2490"
58,"Yo! Chow, 2511",'authentic',Yo! Chow,2511
59,"Burger King, 2567",'paneer burger',Burger King,2567
60,"The Hole in the Wall Cafe, 2604","'pork platter','blueberry cheesecake'","The Hole in the Wall Cafe,The Hole in the Wall Cafe","2604,2604"
61,"Dash In, 2642",'butter chicken',Dash In,2642
62,"Thalassery Restaurant, 2868",'tawa rotis',Thalassery Restaurant,2868
63,"Cafe Mist, 3025",'ice tea',Cafe Mist,3025
64,"Mumbai Spice, 3044",'phulkas',Mumbai Spice,3044
65,"Brooks and Bonds Brewery, 3232",'pepperoni pizza',Brooks and Bonds Brewery,3232
66,"Mahesh Lunch Home, 3291","'neer dosa','crab ghee roast'","Mahesh Lunch Home,Mahesh Lunch Home","3291,3291"
67,"Smoor, 3336",'indiranagar',Smoor,3336
68,"Tibetan Kitchen, 3354",'chicken momo',Tibetan Kitchen,3354
69,"Plan B, 3364",'chicken steak',Plan B,3364
70,"Bhartiya Jalpan, 3416",'badam milk',Bhartiya Jalpan,3416
71,"Shree Muthahalli Veg, 3433","'sambar', 'chudnys'",Shree Muthahalli Veg,3433
72,"Maratha Darshan, 3480",'mutton curry',Maratha Darshan,3480
73,"Cafe Mist, 3582",'ice tea',Cafe Mist,3582
74,"Kesariya, 3601",'rich',Kesariya,3601
75,"Kudla - Hotel Ramanashree, 3627","'neer dosa','crispy chicken'","Kudla - Hotel Ramanashree,Kudla - Hotel Ramanashree","3627,3627"
76,"Punjabi Times, 3675",'mutton curry',Punjabi Times,3675
77,"Punjabi Times, 3700",'mutton curry',Punjabi Times,3700
78,"Matteo Coffea, 3714",'chocolate pastry',Matteo Coffea,3714
79,"Cafe Thulp, 3787",'apple pie',Cafe Thulp,3787
80,"Kudla - Hotel Ramanashree, 3804","'neer dosa','crispy chicken'","Kudla - Hotel Ramanashree,Kudla - Hotel Ramanashree","3804,3804"
81,"RRoyal Rajasthan, 3857",'dahi vada',RRoyal Rajasthan,3857
82,"Victoria Terminus, 3894",'kulfi',Victoria Terminus,3894
83,"Cafe Mist, 4089",'ice tea',Cafe Mist,4089
84,"Foxtrot - House of Subculture, 4151",'chicken',Foxtrot - House of Subculture,4151
85,"Dal Roti, 4189","'phulkas', 'dal'",Dal Roti,4189
86,"The Hole in the Wall Cafe, 4190",'pork platter',The Hole in the Wall Cafe,4190
87,"Hunger Meals, 4257",'chicken curry',Hunger Meals,4257
88,"Foxtrot - House of Subculture, 4269",'chicken',Foxtrot - House of Subculture,4269
89,"J's Cafe, 4393",'broccoli soup',J's Cafe,4393
90,"Little Green Cafe, 4446",'ice tea',Little Green Cafe,4446
91,"Punjabi Times, 4451",'mutton curry',Punjabi Times,4451
92,"Mamagoto, 4488",'maki roll',Mamagoto,4488
93,"Truly Punjab, 4563",'aloo paratha',Truly Punjab,4563
94,"Market Table, 4646",'avocado smoothie',Market Table,4646
95,"Kudla - Hotel Ramanashree, 4658","'neer dosa','crispy chicken'","Kudla - Hotel Ramanashree,Kudla - Hotel Ramanashree","4658,4658"
96,"Fire Station, 4712","'spicy', 'delicious'",Fire Station,4712
97,"Bhikaram Chandmal Bhujiawala, 4818","'bhel', 'panipuri'",Bhikaram Chandmal Bhujiawala,4818
98,"Dash In, 4832",'butter chicken',Dash In,4832
99,"The London Curry House - The Royale Senate Hotel, 4837","'tomato soup','pani puri'","The London Curry House - The Royale Senate Hotel,The London Curry House - The Royale Senate Hotel","4837,4837"
100,"Three Dots & A Dash, 4909",'bbq pizza',Three Dots & A Dash,4909
101,"Chung Wah, 4952",'dragon prawn',Chung Wah,4952
102,"Salt - Indian Restaurant Bar & Grill, 5075",'butter naan',Salt - Indian Restaurant Bar & Grill,5075
103,"Dash In, 5127",'butter chicken',Dash In,5127
104,"Carnatic, 5164","'dal', 'parotta'",Carnatic,5164
105,"Hunger Meals, 5202",'chicken curry',Hunger Meals,5202
106,"Truly Punjab, 5294",'aloo paratha',Truly Punjab,5294
107,"Stoner, 5320","'cheesy burger', 'okish'",Stoner,5320
108,"Big Wong XL, 5352","'chicken starter','juicy','cocum cumin cooler'","Big Wong XL,Big Wong XL,Big Wong XL","5352,5352,5352"
109,"The Hole in the Wall Cafe, 5357","'pork platter','blueberry cheesecake'","The Hole in the Wall Cafe,The Hole in the Wall Cafe","5357,5357"
110,"The Filter Coffee, 5386",'podi dosa',The Filter Coffee,5386
111,"Matteo Coffea, 5399",'chocolate pastry',Matteo Coffea,5399
112,"The Hole in the Wall Cafe, 5493","'pork platter','blueberry cheesecake'","The Hole in the Wall Cafe,The Hole in the Wall Cafe","5493,5493"
113,"Kusum Restaurant, 5535",'chicken biriyani',Kusum Restaurant,5535
114,"Boondock Bistro, 5551",'baconator burger',Boondock Bistro,5551
115,"Kota Kachori, 5613","'bhatura', 'soft'",Kota Kachori,5613
116,"J's Cafe, 5642",'broccoli soup',J's Cafe,5642
117,"Behrouz Biryani, 5735",'cauliflower',Behrouz Biryani,5735
118,"Foxtrot - House of Subculture, 5753",'chicken',Foxtrot - House of Subculture,5753
119,"Eat At Nite, 5782",'chicken starter',Eat At Nite,5782
120,"Boondock Bistro, 5790",'baconator burger',Boondock Bistro,5790
121,"M Cafe - Bengaluru Marriott Hotel Whitefield, 5818",'creme brÃ\x83\\xÃ\x82\\xÃ\x83\\xÃ\x82\\xÃ\x83\\xÃ\x82\\xÃ\x83\\xÃ\x82Â»lÃ\x83\\xÃ\x82\\xÃ\x83\\xÃ\x82\\xÃ\x83\\xÃ\x82\\xÃ\x83\\xÃ\x82Â©',M Cafe - Bengaluru Marriott Hotel Whitefield,5818
122,"Chung Wah, 5826",'dragon prawn',Chung Wah,5826
123,"Shree Muthahalli Veg, 5838","'sambar', 'chudnys'",Shree Muthahalli Veg,5838
124,"Sidewalk Cafe - Nahar's Heritage Hotel, 5865","'apple pie','exotica pizza'","Sidewalk Cafe - Nahar's Heritage Hotel,Sidewalk Cafe - Nahar's Heritage Hotel","5865,5865"
125,"Waffle Magic, 5869","'waffle syrup','waffles'","Waffle Magic,Waffle Magic","5869,5869"
126,"Punjabi Times, 5878",'mutton curry',Punjabi Times,5878
127,"Kesariya, 5904",'rich',Kesariya,5904
128,"The Hole in the Wall Cafe, 5941","'pork platter','blueberry cheesecake'","The Hole in the Wall Cafe,The Hole in the Wall Cafe","5941,5941"
129,"Status, 5979",'filter coffee',Status,5979
130,"Brooks and Bonds Brewery, 6050",'pepperoni pizza',Brooks and Bonds Brewery,6050
131,"Kesariya, 6096",'rich',Kesariya,6096
132,"Biriyani Nights, 6122","'crispy', 'delicious'",Biriyani Nights,6122
133,"Ice Cream Works, 6136",'ice cream',Ice Cream Works,6136
134,"RRoyal Rajasthan, 6182",'dahi vada',RRoyal Rajasthan,6182
135,"Big Wong XL, 6195","'chicken starter','juicy','cocum cumin cooler'","Big Wong XL,Big Wong XL,Big Wong XL","6195,6195,6195"
136,"Shree Muthahalli Veg, 6223","'sambar', 'chudnys'",Shree Muthahalli Veg,6223
137,"Tim Tai, 6285",'tomyum soup',Tim Tai,6285
138,"Salt - Indian Restaurant - Bar & Grill, 6309",'palak kofta',Salt - Indian Restaurant - Bar & Grill,6309
139,"Yo! Chow, 6310",'authentic',Yo! Chow,6310
140,"Hunger Meals, 6349",'chicken curry',Hunger Meals,6349
141,"Vinaya Cafe, 6384",'masala dosa',Vinaya Cafe,6384
142,"MISU, 6390",'sushi',MISU,6390
143,"Foxtrot - House of Subculture, 6396",'chicken',Foxtrot - House of Subculture,6396
144,"Tibetan Kitchen, 6400",'chicken momo',Tibetan Kitchen,6400
145,"Bekal, 6415",'neer dosas',Bekal,6415
146,"Bathinda Junction, 6531",'chicken curry',Bathinda Junction,6531
147,"Salt - Indian Restaurant Bar & Grill, 6550",'butter naan',Salt - Indian Restaurant Bar & Grill,6550
148,"Waffle Magic, 6572","'waffle syrup','waffles'","Waffle Magic,Waffle Magic","6572,6572"
149,"Cafe Mist, 6581",'ice tea',Cafe Mist,6581
150,"Marwa Restaurant, 6593","'chicken lollipop','shwarma roll'","Marwa Restaurant,Marwa Restaurant","6593,6593"
151,"Cafe Mist, 6650",'ice tea',Cafe Mist,6650
152,"Cafe Thulp, 6666",'apple pie',Cafe Thulp,6666
153,"Kota Kachori, 6671","'bhatura', 'soft'",Kota Kachori,6671
154,"Casa De Goa, 6688",'chicken pulao',Casa De Goa,6688
155,"MISU, 6743",'sushi',MISU,6743
156,"Tim Tai, 6778",'tomyum soup',Tim Tai,6778
157,"Tim Tai, 6847",'tomyum soup',Tim Tai,6847
158,"Mast Biryani - Fresh Indian Kitchen, 8462",'biriyanis taste',Mast Biryani - Fresh Indian Kitchen,8462
159,"Brooks and Bonds Brewery, 8524",'pepperoni pizza',Brooks and Bonds Brewery,8524
160,"Bhikaram Chandmal Bhujiawala, 8548","'bhel', 'panipuri'",Bhikaram Chandmal Bhujiawala,8548
161,"Truly Punjab, 8559",'aloo paratha',Truly Punjab,8559
162,"MISU, 8578",'sushi',MISU,8578
163,"Stoner, 8598","'cheesy burger', 'okish'",Stoner,8598
164,"Koshe Kosha, 8641",'mutton kosha',Koshe Kosha,8641
165,"Big Wong XL, 8655","'chicken starter','juicy','cocum cumin cooler'","Big Wong XL,Big Wong XL,Big Wong XL","8655,8655,8655"
166,"Salt - Indian Restaurant Bar & Grill, 8665",'butter naan',Salt - Indian Restaurant Bar & Grill,8665
167,"Cafe Thulp, 8717",'apple pie',Cafe Thulp,8717
168,"Eat At Nite, 8840",'chicken starter',Eat At Nite,8840
169,"Brooks and Bonds Brewery, 8870",'pepperoni pizza',Brooks and Bonds Brewery,8870
170,"Aapni Rasoi, 8903","'methi paratha','palak paneer'","Aapni Rasoi,Aapni Rasoi","8903,8903"
171,"Tim Tai, 8935",'tomyum soup',Tim Tai,8935
172,"Karama Restaurant, 8936","'tasty', 'soft'",Karama Restaurant,8936
173,"RRoyal Rajasthan, 8979",'dahi vada',RRoyal Rajasthan,8979
174,"Dal Roti, 9002","'phulkas', 'dal'",Dal Roti,9002
175,"Chung Wah, 9027",'dragon prawn',Chung Wah,9027
176,"Thalassery Restaurant, 9050",'tawa rotis',Thalassery Restaurant,9050
177,"Big Pitcher, 9135","'chicken tikka','drinks'","Big Pitcher,Big Pitcher","9135,9135"
178,"Dal Roti, 9173","'phulkas', 'dal'",Dal Roti,9173
179,"Chapter One Bar | Maiin, 9192",'sheesha',Chapter One Bar | Maiin,9192
180,"Waffle Magic, 9280","'waffle syrup','waffles'","Waffle Magic,Waffle Magic","9280,9280"
181,"Salt - Indian Restaurant Bar & Grill, 9293",'butter naan',Salt - Indian Restaurant Bar & Grill,9293
182,"Stoner, 9312","'cheesy burger', 'okish'",Stoner,9312
183,"Kota Kachori, 9318","'bhatura', 'soft'",Kota Kachori,9318
184,"Maratha Darshan, 9340",'mutton curry',Maratha Darshan,9340
185,"Koshe Kosha, 9365",'mutton kosha',Koshe Kosha,9365
186,"Ice Cream Works, 9374",'ice cream',Ice Cream Works,9374
187,"Dash In, 9393",'butter chicken',Dash In,9393
188,"M Cafe - Bengaluru Marriott Hotel Whitefield, 9416",'creme brÃ\x83\\xÃ\x82\\xÃ\x83\\xÃ\x82\\xÃ\x83\\xÃ\x82\\xÃ\x83\\xÃ\x82Â»lÃ\x83\\xÃ\x82\\xÃ\x83\\xÃ\x82\\xÃ\x83\\xÃ\x82\\xÃ\x83\\xÃ\x82Â©',M Cafe - Bengaluru Marriott Hotel Whitefield,9416
189,"Karama Restaurant, 9437","'tasty', 'soft','paneer tikka'","Karama Restaurant,Karama Restaurant","9437,9437"
190,"Foxtrot - House of Subculture, 9442",'chicken',Foxtrot - House of Subculture,9442
191,"Brooks and Bonds Brewery, 9495",'pepperoni pizza',Brooks and Bonds Brewery,9495
192,"Biriyani Nights, 9496","'nt hot','kabab'","Biriyani Nights,Biriyani Nights","9496,9496"
193,"Kudla - Hotel Ramanashree, 9531","'neer dosa','crispy chicken'","Kudla - Hotel Ramanashree,Kudla - Hotel Ramanashree","9531,9531"
194,"Hyderabad Biryaani Palace, 9540",'biriyani',Hyderabad Biryaani Palace,9540
195,"Chapter One Bar | Maiin, 9576",'sheesha',Chapter One Bar | Maiin,9576
196,"Tibetan Kitchen, 9624",'chicken momo',Tibetan Kitchen,9624
197,"Waffle Magic, 9627","'waffle syrup','waffles'","Waffle Magic,Waffle Magic","9627,9627"
198,"Salt - Indian Restaurant Bar & Grill, 9740",'butter naan',Salt - Indian Restaurant Bar & Grill,9740
199,"MISU, 9812",'sushi',MISU,9812
200,"Cafe Mist, 9818",'ice tea',Cafe Mist,9818
201,"Karama Restaurant, 9847","'tasty', 'soft','paneer tikka'","Karama Restaurant,Karama Restaurant","9847,9847"
202,"Maratha Darshan, 9855",'mutton curry',Maratha Darshan,9855
203,"Stoner, 9996","'cheesy burger', 'okish','chipotle veggie pizza'","Stoner,Stoner","9996,9996"
204,"Koshe Kosha, 9999",'mutton kosha',Koshe Kosha,9999
205,"Waffle Magic, 10035","'waffle syrup','waffles'","Waffle Magic,Waffle Magic","10035,10035"
206,"Brooks and Bonds Brewery, 10069",'pepperoni pizza',Brooks and Bonds Brewery,10069
207,"Mamagoto, 10232",'maki roll',Mamagoto,10232
208,"Jetlag, 10249",'chicken',Jetlag,10249
209,"Once Upon a Rooftop, 10264",'pina colada',Once Upon a Rooftop,10264
210,"Mahesh Lunch Home, 10270","'neer dosa','crab ghee roast'","Mahesh Lunch Home,Mahesh Lunch Home","10270,10270"
211,"Punjabi Times, 10304",'mutton curry',Punjabi Times,10304
212,"Bathinda Junction, 10328",'chicken curry',Bathinda Junction,10328
213,"Smoor, 10411",'indiranagar',Smoor,10411
214,"Chocolat Boulangerie Patisserie, 10453","'walnut brownie','chicken puff'","Chocolat Boulangerie Patisserie,Chocolat Boulangerie Patisserie","10453,10453"
215,"Bathinda Junction, 10465",'chicken curry',Bathinda Junction,10465
216,"Madurai Idly Shop, 10533",'coconut chutney',Madurai Idly Shop,10533
217,"Punjabi Times, 10588",'mutton curry',Punjabi Times,10588
218,"Tall Blonde French, 10589",'chocolate shake',Tall Blonde French,10589
219,"Fire Station, 10636","'spicy', 'delicious'",Fire Station,10636
220,"Sidewalk Cafe - Nahar's Heritage Hotel, 10723","'apple pie','exotica pizza'","Sidewalk Cafe - Nahar's Heritage Hotel,Sidewalk Cafe - Nahar's Heritage Hotel","10723,10723"
221,"B.M.W - Bhookh Mitaane Wala, 10823",'fruit custard',B.M.W - Bhookh Mitaane Wala,10823
222,"Sidewalk Cafe - Nahar's Heritage Hotel, 10824","'apple pie','exotica pizza'","Sidewalk Cafe - Nahar's Heritage Hotel,Sidewalk Cafe - Nahar's Heritage Hotel","10824,10824"
223,"Matteo Coffea, 10827",'chocolate pastry',Matteo Coffea,10827
224,"Koshe Kosha, 10908",'mutton kosha',Koshe Kosha,10908
225,"Market Table, 10997",'avocado smoothie',Market Table,10997
226,"Cafe Mist, 11003",'ice tea',Cafe Mist,11003
227,"Hunger Genie, 11039","'spicy', 'soft'",Hunger Genie,11039
228,"Salt - Indian Restaurant Bar & Grill, 11200",'butter naan',Salt - Indian Restaurant Bar & Grill,11200
229,"Status, 11207",'filter coffee',Status,11207
230,"J's Cafe, 11319",'broccoli soup',J's Cafe,11319
231,"Tibetan Kitchen, 11368",'chicken momo',Tibetan Kitchen,11368
232,"Salt - Indian Restaurant Bar & Grill, 11396",'butter naan',Salt - Indian Restaurant Bar & Grill,11396
233,"Waffle Magic, 11447","'waffle syrup','waffles'","Waffle Magic,Waffle Magic","11447,11447"
234,"Big Wong XL, 11511","'chicken starter','juicy','cocum cumin cooler'","Big Wong XL,Big Wong XL,Big Wong XL","11511,11511,11511"
235,"Mahesh Lunch Home, 11556","'neer dosa','crab ghee roast'","Mahesh Lunch Home,Mahesh Lunch Home","11556,11556"
236,"Sunny Cafe & Kitchen, 11621",'chicken burger',Sunny Cafe & Kitchen,11621
237,"Big Pitcher, 11637","'chicken tikka','drinks'","Big Pitcher,Big Pitcher","11637,11637"
238,"Smoor, 11654","'indiranagar','tasty'","Smoor,Smoor","11654,11654"
239,"Big Wong XL, 11722","'chicken starter','juicy','cocum cumin cooler'","Big Wong XL,Big Wong XL,Big Wong XL","11722,11722,11722"
240,"The Punjabi Rasoi, 11762",'pineapple raitha',The Punjabi Rasoi,11762
241,"Tim Tai, 11791",'tomyum soup',Tim Tai,11791
242,"Status, 11792",'filter coffee',Status,11792
243,"Mahesh Lunch Home, 11872","'neer dosa','crab ghee roast'","Mahesh Lunch Home,Mahesh Lunch Home","11872,11872"
244,"Status, 11917",'filter coffee',Status,11917
245,"Koshy's, 11944",'lamb burger',Koshy's,11944
246,"Bhartiya Jalpan, 11994",'badam milk',Bhartiya Jalpan,11994
247,"Big Wong XL, 12119","'chicken starter','juicy','cocum cumin cooler'","Big Wong XL,Big Wong XL,Big Wong XL","12119,12119,12119"
248,"Laddoos, 12123","'samosas', 'kachoiri'",Laddoos,12123
249,"Cafe Mist, 12177",'ice tea',Cafe Mist,12177
250,"Sidewalk Cafe - Nahar's Heritage Hotel, 12183","'apple pie','exotica pizza'","Sidewalk Cafe - Nahar's Heritage Hotel,Sidewalk Cafe - Nahar's Heritage Hotel","12183,12183"
251,"Bhikaram Chandmal Bhujiawala, 12210","'bhel', 'panipuri'",Bhikaram Chandmal Bhujiawala,12210
252,"Casa De Goa, 12221",'chicken pulao',Casa De Goa,12221
253,"Burma Burma, 12244",'guava salad',Burma Burma,12244
254,"MISU, 12282",'sushi',MISU,12282
255,"RRoyal Rajasthan, 12295",'dahi vada',RRoyal Rajasthan,12295
256,"Dash In, 12296",'butter chicken',Dash In,12296
257,"Once Upon a Rooftop, 12305",'pina colada',Once Upon a Rooftop,12305
258,"Sarjapur Social, 12396",'masala pav',Sarjapur Social,12396
259,"Kesariya, 12424",'rich',Kesariya,12424
260,"Shree Muthahalli Veg, 12452","'sambar', 'chudnys'",Shree Muthahalli Veg,12452
261,"Rajdhani Thali Restaurant, 12453",'thali',Rajdhani Thali Restaurant,12453
262,"MISU, 12520",'sushi',MISU,12520
263,"Waffle Magic, 12579","'waffle syrup','waffles'","Waffle Magic,Waffle Magic","12579,12579"
264,"The Colony Gastropub, 12583","'mutton curry','tandoori roti'","The Colony Gastropub,The Colony Gastropub","12583,12583"
265,"MISU, 12623",'sushi',MISU,12623
266,"Brooks and Bonds Brewery, 12694",'pepperoni pizza',Brooks and Bonds Brewery,12694
267,"Market Table, 12876",'avocado smoothie',Market Table,12876
268,"Tall Blonde French, 12945",'chocolate shake',Tall Blonde French,12945
269,"Cafe Mist, 12947",'ice tea',Cafe Mist,12947
270,"Dash In, 13011",'butter chicken',Dash In,13011
271,"Sarjapur Social, 13024",'masala pav',Sarjapur Social,13024
272,"Mamagoto, 13032",'maki roll',Mamagoto,13032
273,"Leon Grill, 13071",'spicy & fresh',Leon Grill,13071
274,"Karama Restaurant, 13209","'tasty', 'soft'",Karama Restaurant,13209
275,"52 Wall Street, 13292",'ice tea',52 Wall Street,13292
276,"Carnatic, 13466","'dal', 'parotta'",Carnatic,13466
277,"Casa De Goa, 13488",'chicken pulao',Casa De Goa,13488
278,"Chocolat Boulangerie Patisserie, 13527","'walnut brownie','chicken puff'","Chocolat Boulangerie Patisserie,Chocolat Boulangerie Patisserie","13527,13527"
279,"Plan B, 13536",'chicken steak',Plan B,13536
280,"Salt - Indian Restaurant Bar & Grill, 13742",'butter naan',Salt - Indian Restaurant Bar & Grill,13742
281,"Salt - Indian Restaurant Bar & Grill, 13788",'butter naan',Salt - Indian Restaurant Bar & Grill,13788
282,"Jetlag, 13821","'chicken','chicken ghee roast'","Jetlag,Jetlag","13821,13821"
283,"The Punjabi Rasoi, 13880",'pineapple raitha',The Punjabi Rasoi,13880
284,"Victoria Terminus, 13930",'kulfi',Victoria Terminus,13930
285,"Rithika's Kitchen, 112","'kababs', 'fry'",Rithika's Kitchen,112
286,"Biriyani House, 217",'guntur chicken',Biriyani House,217
287,"Kartik's Mithai Shoppe, 245",'sandwich dhoklas',Kartik's Mithai Shoppe,245
288,"Connie's Restaurant & Steakhouse, 261",'sangrias',Connie's Restaurant & Steakhouse,261
289,"Mug N Bean, 386","'sandwich', 'pasta'",Mug N Bean,386
290,"Tewari Bros Mithai Shoppie, 391","'kachoris', 'parathas'",Tewari Bros Mithai Shoppie,391
291,"CTR, 433",'filter coffee',CTR,433
292,"Fattoush, 439",'paratha',Fattoush,439
293,"Indy's Comfort Food, 587",'paneer pakodas',Indy's Comfort Food,587
294,"Mayura Sagar, 599",'coconut chutney',Mayura Sagar,599
295,"Mug N Bean, 609","'sandwich', 'pasta'",Mug N Bean,609
296,"Chef Baker's, 698",'chicken burger',Chef Baker's,698
297,"Anjappaar, 705",'chicken briyani',Anjappaar,705
298,"Tewari Bros Mithai Shoppie, 711","'kachoris', 'parathas'",Tewari Bros Mithai Shoppie,711
299,"SLV Corner Restaurant, 751",'masala dosa',SLV Corner Restaurant,751
300,"Midnight Pizza Slurpp, 761",'pasta',Midnight Pizza Slurpp,761
301,"Hiyar Majhe Kolkata, 781",'fish chop',Hiyar Majhe Kolkata,781
302,"Tewari Bros Mithai Shoppie, 876","'kachoris', 'parathas'",Tewari Bros Mithai Shoppie,876
303,"What's In A Name, 1010",'pork bao',What's In A Name,1010
304,"Daily Bread, 1045",'chocolate donut',Daily Bread,1045
305,"Red Rhino, 1047",'burger',Red Rhino,1047
306,"Raichur Biryani House, 1140",'veg biryani',Raichur Biryani House,1140
307,"Urban Tamaasha, 1217",'broccoli soup',Urban Tamaasha,1217
308,"Two Friends Cauldron, 1243",'chicken burger',Two Friends Cauldron,1243
309,"Frozen Coast, 1248",'paneer sandwich',Frozen Coast,1248
310,"The Meal Story, 1390","'rice', 'dal'",The Meal Story,1390
311,"ECHOES Koramangala, 1405","'chicken burger','light'","ECHOES Koramangala,ECHOES Koramangala","1405,1405"
312,"Checkpost, 1625",'neer dosa',Checkpost,1625
313,"Garma Garam, 1631",'lip smackingly delicious',Garma Garam,1631
314,"Daily Bread, 1691",'chocolate donut',Daily Bread,1691
315,"What's In A Name, 1733",'pork bao',What's In A Name,1733
316,"Chaat Street, 1772",'vada pav',Chaat Street,1772
317,"Pizza Hut, 1947",'veg pizza',Pizza Hut,1947
318,"Tewari Bros Mithai Shoppie, 2016","'kachoris', 'parathas'",Tewari Bros Mithai Shoppie,2016
319,"Fattoush, 2042",'paratha',Fattoush,2042
320,"Fattoush, 2092",'paratha',Fattoush,2092
321,"Sri Udupi Park, 2157",'filter coffee',Sri Udupi Park,2157
322,"What's In A Name, 2175",'pork bao',What's In A Name,2175
323,"What's In A Name, 2187",'pork bao',What's In A Name,2187
324,"Faasos, 2278",'singada parathas',Faasos,2278
325,"Paratha Plaza, 2353",'paratha',Paratha Plaza,2353
326,"Bathinda Junction, 2398",'afghani chicken',Bathinda Junction,2398
327,"Checkpost, 2456",'neer dosa',Checkpost,2456
328,"What's In A Name, 2476",'pork bao',What's In A Name,2476
329,"Cafe Azzure, 2514",'burger',Cafe Azzure,2514
330,"Sri Udupi Park, 2875",'mughalai biriyani',Sri Udupi Park,2875
331,"CTR, 2975",'filter coffee',CTR,2975
332,"Hyderabadi Bawarchi, 3031",'pepper chicken',Hyderabadi Bawarchi,3031
333,"Faasos, 3097",'subudana vada',Faasos,3097
334,"Meghana Foods, 3111",'potato biryani',Meghana Foods,3111
335,"Coorg Diaries, 3145",'chicken curry',Coorg Diaries,3145
336,"Indian Coffee House & Restaurant, 3215",'chicken curry',Indian Coffee House & Restaurant,3215
337,"Frozen Coast, 3407",'paneer sandwich',Frozen Coast,3407
338,"Leon Grill, 3409",'paneer burger',Leon Grill,3409
339,"Indy's Comfort Food, 3470",'paneer pakodas',Indy's Comfort Food,3470
340,"Two Friends Cauldron, 3478",'chicken burger',Two Friends Cauldron,3478
341,"Leon Grill, 3513",'paneer burger',Leon Grill,3513
342,"Sree Krishna Kafe, 3529","'chutney', 'sambar'",Sree Krishna Kafe,3529
343,"What's In A Name, 3558",'pork bao',What's In A Name,3558
344,"Toit, 3603",'woodfire pizzas',Toit,3603
345,"Hyderabadi Bawarchi, 3626",'pepper chicken',Hyderabadi Bawarchi,3626
346,"Bangaliana, 3664","'chutney', 'rosogolla'",Bangaliana,3664
347,"Meghana Foods, 3671",'potato biryani',Meghana Foods,3671
348,"Cafe Azzure, 3863",'burger',Cafe Azzure,3863
349,"The Grub Central, 3917",'paneer pizza',The Grub Central,3917
350,"Maravanthe, 4083",'mutton biryani',Maravanthe,4083
351,"Tewari Bros Mithai Shoppie, 4088","'kachoris', 'parathas'",Tewari Bros Mithai Shoppie,4088
352,"Mug N Bean, 4116","'sandwich', 'pasta'",Mug N Bean,4116
353,"What's In A Name, 4120",'pork bao',What's In A Name,4120
354,"Leon Grill, 4262",'paneer burger',Leon Grill,4262
355,"Daily Bread, 4285",'chocolate donut',Daily Bread,4285
356,"What's In A Name, 4483",'pork bao',What's In A Name,4483
357,"The Permit Room, 4615",'prawn curry',The Permit Room,4615
358,"The Meal Story, 4628","'rice', 'dal'",The Meal Story,4628
359,"Calvin's, 4788",'omelette sandwich',Calvin's,4788
360,"Gods Own Cafe, 5012",'chicken kabab',Gods Own Cafe,5012
361,"Mug N Bean, 5019","'sandwich', 'pasta'",Mug N Bean,5019
362,"Leon Grill, 5040",'paneer burger',Leon Grill,5040
363,"Hiyar Majhe Kolkata, 5222",'fish chop',Hiyar Majhe Kolkata,5222
364,"Sree Krishna Kafe, 5274","'chutney', 'sambar'",Sree Krishna Kafe,5274
365,"Mast Kalandar, 5341",'dal makhani',Mast Kalandar,5341
366,"Red Rhino, 5410",'burger',Red Rhino,5410
367,"Two Friends Cauldron, 5412",'chicken burger',Two Friends Cauldron,5412
368,"Two Friends Cauldron, 5510",'chicken burger',Two Friends Cauldron,5510
369,"Amour Fine Patisserie, 5601",'hazelnut macaroon',Amour Fine Patisserie,5601
370,"Sree Krishna Kafe, 5683","'chutney', 'sambar'",Sree Krishna Kafe,5683
371,"The Permit Room, 5685",'prawn curry',The Permit Room,5685
372,"Urban Tamaasha, 5809",'broccoli soup',Urban Tamaasha,5809
373,"Amour Fine Patisserie, 5949",'hazelnut macaroon',Amour Fine Patisserie,5949
374,"Tewari Bros Mithai Shoppie, 6114","'kachoris', 'parathas'",Tewari Bros Mithai Shoppie,6114
375,"Ammi's Biryani, 6132",'rice',Ammi's Biryani,6132
376,"The Teal Door Cafe, 6270",'filter coffee',The Teal Door Cafe,6270
377,"Daily Bread, 6319",'chocolate donut',Daily Bread,6319
378,"Beijing Bites, 6444",'schezwan chicken',Beijing Bites,6444
379,"Punjabi Food Point, 6514",'onion raita',Punjabi Food Point,6514
380,"Ackley Kitchen, 6541",'burger bread',Ackley Kitchen,6541
381,"Meghana Foods, 6554",'potato biryani',Meghana Foods,6554
382,"The Sky Lounge - Tamarind Hospitality, 6613",'angaari murgh',The Sky Lounge - Tamarind Hospitality,6613
383,"Punjabi Food Point, 6730",'onion raita',Punjabi Food Point,6730
384,"Tewari Bros Mithai Shoppie, 6758","'kachoris', 'parathas'",Tewari Bros Mithai Shoppie,6758
385,"Mug N Bean, 6815","'sandwich', 'pasta'",Mug N Bean,6815
386,"Chaat Street, 6823",'vada pav',Chaat Street,6823
387,"Hotel Food Lands, 6829",'prawn biryani',Hotel Food Lands,6829
388,"Daily Bread, 6841",'chocolate donut',Daily Bread,6841
389,"The Wok Shop, 6882","'chocolate bao','spices'","The Wok Shop,The Wok Shop","6882,6882"
390,"The Permit Room, 6906",'prawn curry',The Permit Room,6906
391,"Indian Coffee House & Restaurant, 8588",'chicken curry',Indian Coffee House & Restaurant,8588
392,"Faasos, 8634",'singada parathas',Faasos,8634
393,"Indy's Comfort Food, 8811",'paneer pakodas',Indy's Comfort Food,8811
394,"Bathinda Junction, 9101",'afghani chicken',Bathinda Junction,9101
395,"Tewari Bros Mithai Shoppie, 9139","'kachoris', 'parathas'",Tewari Bros Mithai Shoppie,9139
396,"Gods Own Cafe, 9323",'chicken kabab',Gods Own Cafe,9323
397,"Gods Own Cafe, 9544",'chicken kabab',Gods Own Cafe,9544
398,"The Sky Lounge - Tamarind Hospitality, 9595",'angaari murgh',The Sky Lounge - Tamarind Hospitality,9595
399,"Tewari Bros Mithai Shoppie, 9609","'kachoris', 'parathas'",Tewari Bros Mithai Shoppie,9609
400,"Indy's Comfort Food, 9619",'paneer pakodas',Indy's Comfort Food,9619
401,"Connie's Restaurant & Steakhouse, 9739",'sangrias',Connie's Restaurant & Steakhouse,9739
402,"Hotel Food Lands, 9914",'prawn biryani',Hotel Food Lands,9914
403,"Hotel Food Lands, 9967",'prawn biryani',Hotel Food Lands,9967
404,"Two Friends Cauldron, 9991",'chicken burger',Two Friends Cauldron,9991
405,"New Shanthi Sagar, 10039",'ice cream',New Shanthi Sagar,10039
406,"Hyderabadi Bawarchi, 10145",'pepper chicken',Hyderabadi Bawarchi,10145
407,"The Grub Central, 10341",'paneer pizza',The Grub Central,10341
408,"The Square Table, 10416","'chicken platter','breads'","The Square Table,The Square Table","10416,10416"
409,"Maravanthe, 10424",'mutton biryani',Maravanthe,10424
410,"Hiyar Majhe Kolkata, 10444",'fish chop',Hiyar Majhe Kolkata,10444
411,"Maravanthe, 10467",'mutton biryani',Maravanthe,10467
412,"Indy's Comfort Food, 10478",'paneer pakodas',Indy's Comfort Food,10478
413,"Anjappaar, 10575",'chicken briyani',Anjappaar,10575
414,"Chef Baker's, 10667",'chicken burger',Chef Baker's,10667
415,"Hotel Food Lands, 10768",'prawn biryani',Hotel Food Lands,10768
416,"What's In A Name, 10980",'pork bao',What's In A Name,10980
417,"The Permit Room, 11045",'prawn curry',The Permit Room,11045
418,"SLV Corner Restaurant, 11248",'masala dosa',SLV Corner Restaurant,11248
419,"Daily Bread, 11525",'chocolate donut',Daily Bread,11525
420,"The Square Table, 11559","'chicken platter','breads'","The Square Table,The Square Table","11559,11559"
421,"The Sky Lounge - Tamarind Hospitality, 11612",'angaari murgh',The Sky Lounge - Tamarind Hospitality,11612
422,"Meghana Foods, 11640",'potato biryani',Meghana Foods,11640
423,"Daily Bread, 11720",'chocolate donut',Daily Bread,11720
424,"Urban Tamaasha, 11763",'broccoli soup',Urban Tamaasha,11763
425,"The Meal Story, 11816","'rice', 'dal'",The Meal Story,11816
426,"Chaat Street, 11824",'vada pav',Chaat Street,11824
427,"The Sky Lounge - Tamarind Hospitality, 12012",'angaari murgh',The Sky Lounge - Tamarind Hospitality,12012
428,"The Teal Door Cafe, 12247",'filter coffee',The Teal Door Cafe,12247
429,"Indian Coffee House & Restaurant, 12273",'chicken curry',Indian Coffee House & Restaurant,12273
430,"Noon's, 12324",'chicken biryani',Noon's,12324
431,"Indy's Comfort Food, 12364",'paneer pakodas',Indy's Comfort Food,12364
432,"Windmills Craftworks, 12451",'tortilla salad',Windmills Craftworks,12451
433,"Bangaliana, 12470","'chutney', 'rosogolla'",Bangaliana,12470
434,"Garma Garam, 12526",'lip smackingly delicious',Garma Garam,12526
435,"Creamvilla, 12581",'blueberry roll',Creamvilla,12581
436,"Bangaliana, 12612","'chutney', 'rosogolla'",Bangaliana,12612
437,"Gods Own Cafe, 12650",'chicken kabab',Gods Own Cafe,12650
438,"Windmills Craftworks, 12754",'tortilla salad',Windmills Craftworks,12754
439,"Windmills Craftworks, 12800",'tortilla salad',Windmills Craftworks,12800
440,"Ammi's Biryani, 12838",'rice',Ammi's Biryani,12838
441,"Meghana Foods, 12845",'potato biryani',Meghana Foods,12845
442,"Mayura Sagar, 12918",'coconut chutney',Mayura Sagar,12918
443,"Paratha Plaza, 12967",'paratha',Paratha Plaza,12967
444,"Two Friends Cauldron, 13072",'chicken burger',Two Friends Cauldron,13072
445,"Beijing Bites, 13090",'schezwan chicken',Beijing Bites,13090
446,"The Teal Door Cafe, 13190",'filter coffee',The Teal Door Cafe,13190
447,"Beijing Bites, 13308",'schezwan chicken',Beijing Bites,13308
448,"Mug N Bean, 13372","'sandwich', 'pasta'",Mug N Bean,13372
449,"What's In A Name, 13447",'pork bao',What's In A Name,13447
450,"Bathinda Junction, 13465",'afghani chicken',Bathinda Junction,13465
451,"Indian Coffee House & Restaurant, 13484",'chicken curry',Indian Coffee House & Restaurant,13484
452,"The Permit Room, 13533",'prawn curry',The Permit Room,13533
453,"Connie's Restaurant & Steakhouse, 13585",'sangrias',Connie's Restaurant & Steakhouse,13585
454,"Daily Bread, 13723",'chocolate donut',Daily Bread,13723
455,"Chaat Street, 13726",'vada pav',Chaat Street,13726
456,"Indian Coffee House & Restaurant, 13727",'chicken curry',Indian Coffee House & Restaurant,13727
457,"Hotel Food Lands, 13892",'prawn biryani',Hotel Food Lands,13892
458,"Asia Kitchen By Mainland China, 75",'fluffy',Asia Kitchen By Mainland China,75
459,"Marzipan Cafe & Bakery, 242",'sweet',Marzipan Cafe & Bakery,242
460,"Spice Affair, 263","'cooperative','tasty'","Spice Affair,Spice Affair","263,263"
461,"Kritunga Restaurant, 267",'spicy',Kritunga Restaurant,267
462,"AB's - Absolute Barbecues, 384",'accomodative',AB's - Absolute Barbecues,384
463,"Toscano, 416",'eggless',Toscano,416
464,"Kritunga Restaurant, 434",'spicy',Kritunga Restaurant,434
465,"Marzipan Cafe & Bakery, 485",'sweet',Marzipan Cafe & Bakery,485
466,"XOOX Brewmill, 522",'arancini',XOOX Brewmill,522
467,"Smokey Tribe Restaurant, 616",'authentic',Smokey Tribe Restaurant,616
468,"Mr. Beans - Home Cafe, 696","'sweet','cordial'","Mr. Beans - Home Cafe,Mr. Beans - Home Cafe","696,696"
469,"Rolls & Co, 783",'flavorful',Rolls & Co,783
470,"Mr. Beans - Home Cafe, 846","'sweet','cordial'","Mr. Beans - Home Cafe,Mr. Beans - Home Cafe","846,846"
471,"Brik Oven, 857","'sweet','pizza lovers'","Brik Oven,Brik Oven","857,857"
472,"New Kairali Restaurant, 933",'spicy',New Kairali Restaurant,933
473,"Chandni Chowk 2 Bangalore, 953",'whole wheat',Chandni Chowk 2 Bangalore,953
474,"The French Loaf, 974",'hus',The French Loaf,974
475,"Mr. Beans - Home Cafe, 1001","'sweet','cordial'","Mr. Beans - Home Cafe,Mr. Beans - Home Cafe","1001,1001"
476,"LIT Gastro Pub, 1017",'jayanagar',LIT Gastro Pub,1017
477,"Vijayalakshmi Veg, 1131",'sweetish',Vijayalakshmi Veg,1131
478,"Ovenstory Pizza, 1155",'cheesy',Ovenstory Pizza,1155
479,"Asia Kitchen By Mainland China, 1197",'fluffy',Asia Kitchen By Mainland China,1197
480,"Mr. Beans - Home Cafe, 1212","'sweet','cordial'","Mr. Beans - Home Cafe,Mr. Beans - Home Cafe","1212,1212"
481,"Cakebuy, 1254",'tasty',Cakebuy,1254
482,"Calvin's, 1309",'fudgy',Calvin's,1309
483,"Malabar Bay, 1317",'authentic taste',Malabar Bay,1317
484,"Marzipan Cafe & Bakery, 1433",'sweet',Marzipan Cafe & Bakery,1433
485,"Mr. Beans - Home Cafe, 1559","'sweet','cordial'","Mr. Beans - Home Cafe,Mr. Beans - Home Cafe","1559,1559"
486,"The Fatty Bao - Asian Gastro Bar, 1596",'fluffy',The Fatty Bao - Asian Gastro Bar,1596
487,"Cakebuy, 1706",'tasty',Cakebuy,1706
488,"LOFT38, 1708",'tasty',LOFT38,1708
489,"Malabar Bay, 1844",'authentic taste',Malabar Bay,1844
490,"Oh! Calcutta, 1872",'cozzy',Oh! Calcutta,1872
491,"Naati Manae, 1928",'spicy',Naati Manae,1928
492,"Mr. Beans - Home Cafe, 1937","'sweet','cordial'","Mr. Beans - Home Cafe,Mr. Beans - Home Cafe","1937,1937"
493,"Shree Khana Khazana, 1989","'biriyani', 'little spicy'",Shree Khana Khazana,1989
494,"Toscano, 2022",'eggless',Toscano,2022
495,"Little Italy, 2275",'pure vegetarian restaurant',Little Italy,2275
496,"Foreign CafÃÂÃÂÃÂÃÂÃÂÃÂÃÂÃÂ©, 2300",'tasty',Foreign CafÃÂÃÂÃÂÃÂÃÂÃÂÃÂÃÂ©,2300
497,"Gilly's Restobar, 2370",'chillout',Gilly's Restobar,2370
498,"Marzipan Cafe & Bakery, 2387",'sweet',Marzipan Cafe & Bakery,2387
499,"The Fatty Bao - Asian Gastro Bar, 2399",'fluffy',The Fatty Bao - Asian Gastro Bar,2399
500,"Sai Santhi Cafe, 2447",'tasty',Sai Santhi Cafe,2447
501,"Smokey Tribe Restaurant, 2469",'authentic',Smokey Tribe Restaurant,2469
502,"Dindigul Thalappakatti, 2471",'succulent',Dindigul Thalappakatti,2471
503,"Jaffa's Biryani, 2474","'lollipop', 'tasty', 'crispy'",Jaffa's Biryani,2474
504,"New Kairali Restaurant, 2502",'spicy',New Kairali Restaurant,2502
505,"Toscano, 2510",'eggless',Toscano,2510
506,"The Egg Factory, 2555",'desi touch',The Egg Factory,2555
507,"Naati Manae, 2560",'spicy',Naati Manae,2560
508,"Rolls & Co, 2605",'flavorful',Rolls & Co,2605
509,"Asia Kitchen By Mainland China, 2787",'fluffy',Asia Kitchen By Mainland China,2787
510,"Healthie, 2788",'cottage cheese',Healthie,2788
511,"Mojo Pizza - 2X Toppings, 2894","'tasty','cheese'","Mojo Pizza - 2X Toppings,Mojo Pizza - 2X Toppings","2894,2894"
512,"Naati Manae, 2925",'spicy',Naati Manae,2925
513,"Oh! Calcutta, 2980",'cozzy',Oh! Calcutta,2980
514,"Mojo Pizza - 2X Toppings, 2991",'chocolatey',Mojo Pizza - 2X Toppings,2991
515,"LIT Gastro Pub, 3009",'jayanagar',LIT Gastro Pub,3009
516,"The French Loaf, 3030",'hus',The French Loaf,3030
517,"Naati Manae, 3032",'spicy',Naati Manae,3032
518,"Naati Manae, 3040",'spicy',Naati Manae,3040
519,"Rolls & Co, 3119",'flavorful',Rolls & Co,3119
520,"The French Loaf, 3242",'hus',The French Loaf,3242
521,"Sai Santhi Cafe, 3430",'tasty',Sai Santhi Cafe,3430
522,"Toscano, 3485",'eggless',Toscano,3485
523,"LIT Gastro Pub, 3619",'jayanagar',LIT Gastro Pub,3619
524,"Kopper Kadai, 3648",'tasty',Kopper Kadai,3648
525,"Gilly's Restobar, 3710",'chillout',Gilly's Restobar,3710
526,"ECHOES Koramangala, 3735",'light',ECHOES Koramangala,3735
527,"Malabar Bay, 3867",'authentic taste',Malabar Bay,3867
528,"Gilly's Restobar, 3898",'chillout',Gilly's Restobar,3898
529,"The French Loaf, 3918",'hus',The French Loaf,3918
530,"Marzipan Cafe & Bakery, 4012",'sweet',Marzipan Cafe & Bakery,4012
531,"Marhaba, 4016",'soft',Marhaba,4016
532,"Gilly's Restobar, 4020",'chillout',Gilly's Restobar,4020
533,"Naati Manae, 4044",'spicy',Naati Manae,4044
534,"La Pino'z Pizza, 4061",'tasty',La Pino'z Pizza,4061
535,"Rolls & Co, 4157",'flavorful',Rolls & Co,4157
536,"La Pino'z Pizza, 4177",'tasty',La Pino'z Pizza,4177
537,"Oh! Calcutta, 4178",'cozzy',Oh! Calcutta,4178
538,"West Wood, 4194",'tasty',West Wood,4194
539,"Marzipan Cafe & Bakery, 4264",'sweet',Marzipan Cafe & Bakery,4264
540,"Oh! Calcutta, 4303",'cozzy',Oh! Calcutta,4303
541,"Gilly's Restobar, 4318",'chillout',Gilly's Restobar,4318
542,"Naati Manae, 4335",'spicy',Naati Manae,4335
543,"Gilly's Restobar, 4405",'chillout',Gilly's Restobar,4405
544,"Naati Manae, 4431",'spicy',Naati Manae,4431
545,"Kopper Kadai, 4554",'tasty',Kopper Kadai,4554
546,"Kullad Cafe, 4570",'chai',Kullad Cafe,4570
547,"Pani Kum Chai, 4666","'chai', 'rich', 'yum'",Pani Kum Chai,4666
548,"Mavalli Tiffin Room (MTR), 4703",'tasty',Mavalli Tiffin Room (MTR),4703
549,"The Waffles Hut, 4746",'fresh',The Waffles Hut,4746
550,"Farzi Cafe, 4766",'dough',Farzi Cafe,4766
551,"Bakingo, 4803",'yum',Bakingo,4803
552,"Burp, 4810",'tummyfull',Burp,4810
553,"Smokey Tribe Restaurant, 4934",'authentic',Smokey Tribe Restaurant,4934
554,"La Pino'z Pizza, 5018",'tasty',La Pino'z Pizza,5018
555,"Malabar Bay, 5029",'authentic taste',Malabar Bay,5029
556,"Asia Kitchen By Mainland China, 5064",'fluffy',Asia Kitchen By Mainland China,5064
557,"Chaai Resto, 5084",'flavorful',Chaai Resto,5084
558,"Toscano, 5169",'eggless',Toscano,5169
559,"Ovenstory Pizza, 5199",'cheesy',Ovenstory Pizza,5199
560,"Asia Kitchen By Mainland China, 5504",'fluffy',Asia Kitchen By Mainland China,5504
561,"Naati Manae, 5515",'spicy',Naati Manae,5515
562,"Naati Manae, 5576",'spicy',Naati Manae,5576
563,"Rayaan's Restaurant, 5600","'spicy','pulpy grape juice'","Rayaan's Restaurant,Rayaan's Restaurant","5600,5600"
564,"Marzipan Cafe & Bakery, 5607",'sweet',Marzipan Cafe & Bakery,5607
565,"Asia Kitchen By Mainland China, 5611",'fluffy',Asia Kitchen By Mainland China,5611
566,"Farzi Cafe, 5632",'dough',Farzi Cafe,5632
567,"The Waffles Hut, 5698",'fresh',The Waffles Hut,5698
568,"Bakingo, 5726",'yum',Bakingo,5726
569,"The Breakfast Club, 5777","'sweet','uncooked rice flakes'","The Breakfast Club,The Breakfast Club","5777,5777"
570,"Oh! Calcutta, 5810",'cozzy',Oh! Calcutta,5810
571,"Asia Kitchen By Mainland China, 5875",'fluffy',Asia Kitchen By Mainland China,5875
572,"Burp, 5882",'tummyfull',Burp,5882
573,"Eggzotic, 5895","'tasty','tomato soup'","Eggzotic,Eggzotic","5895,5895"
574,"Warm Oven, 5897",'yummy',Warm Oven,5897
575,"Calvin's, 5996",'fudgy',Calvin's,5996
576,"Naati Manae, 6028",'spicy',Naati Manae,6028
577,"Kopper Kadai, 6101",'tasty',Kopper Kadai,6101
578,"Faasos, 6127",'paneer gravy',Faasos,6127
579,"Gilly's Restobar, 6171",'chillout',Gilly's Restobar,6171
580,"Shree Khana Khazana, 6232","'biriyani', 'little spicy'",Shree Khana Khazana,6232
581,"The Fatty Bao - Asian Gastro Bar, 6302",'fluffy',The Fatty Bao - Asian Gastro Bar,6302
582,"La Pino'z Pizza, 6314",'tasty',La Pino'z Pizza,6314
583,"Vijayalakshmi Veg, 6339",'sweetish',Vijayalakshmi Veg,6339
584,"Smokey Tribe Restaurant, 6351",'authentic',Smokey Tribe Restaurant,6351
585,"Toscano, 6357",'eggless',Toscano,6357
586,"Warm Oven, 6374",'yummy',Warm Oven,6374
587,"XOOX Brewmill, 6408",'arancini',XOOX Brewmill,6408
588,"Chaai Resto, 6483",'flavorful',Chaai Resto,6483
589,"Gilly's Restobar, 6493",'chillout',Gilly's Restobar,6493
590,"Marzipan Cafe & Bakery, 6509",'sweet',Marzipan Cafe & Bakery,6509
591,"Pani Kum Chai, 6536","'chai', 'rich', 'yum'",Pani Kum Chai,6536
592,"Oh! Calcutta, 6537",'cozzy',Oh! Calcutta,6537
593,"Little Italy, 6546",'pure vegetarian restaurant',Little Italy,6546
594,"Kopper Kadai, 6547",'tasty',Kopper Kadai,6547
595,"Farzi Cafe, 6686",'dough',Farzi Cafe,6686
596,"XOOX Brewmill, 6738",'arancini',XOOX Brewmill,6738
597,"Brik Oven, 6825","'sweet','pizza lovers'","Brik Oven,Brik Oven","6825,6825"
598,"Sly Granny - The Community House, 6834",'rotolo',Sly Granny - The Community House,6834
599,"Farzi Cafe, 6860",'dough',Farzi Cafe,6860
600,"Silbatti, 8485",'crusty',Silbatti,8485
601,"Tayabbs, 8511","'tasty','Tayyabs'","Tayabbs,Tayabbs","8511,8511"
602,"Oh! Calcutta, 8619",'cozzy',Oh! Calcutta,8619
603,"Mr. Beans - Home Cafe, 8626","'sweet','cordial'","Mr. Beans - Home Cafe,Mr. Beans - Home Cafe","8626,8626"
604,"Kullad Cafe, 8675",'chai',Kullad Cafe,8675
605,"Jaffa's Biryani, 8686","'lollipop', 'tasty', 'crispy'",Jaffa's Biryani,8686
606,"Mr. Beans - Home Cafe, 8687","'sweet','cordial'","Mr. Beans - Home Cafe,Mr. Beans - Home Cafe","8687,8687"
607,"BBQ'D - Global Grill & Brewery, 8800","'momos', 'tasty'",BBQ'D - Global Grill & Brewery,8800
608,"Mavalli Tiffin Room (MTR), 8866",'tasty',Mavalli Tiffin Room (MTR),8866
609,"Malabar Bay, 8902",'authentic taste',Malabar Bay,8902
610,"Oh! Calcutta, 9001",'cozzy',Oh! Calcutta,9001
611,"Night Food Joint, 9011",'tasty',Night Food Joint,9011
612,"Vijayalakshmi Veg, 9015",'sweetish',Vijayalakshmi Veg,9015
613,"XOOX Brewmill, 9086",'arancini',XOOX Brewmill,9086
614,"Oh! Calcutta, 9215",'cozzy',Oh! Calcutta,9215
615,"Sotally Tober, 9327","'lean','drinks'","Sotally Tober,Sotally Tober","9327,9327"
616,"La Pino'z Pizza, 9410",'tasty',La Pino'z Pizza,9410
617,"Pani Kum Chai, 9492","'chai', 'rich', 'yum'",Pani Kum Chai,9492
618,"Foreign CafÃÂÃÂÃÂÃÂÃÂÃÂÃÂÃÂ©, 9528",'tasty',Foreign CafÃÂÃÂÃÂÃÂÃÂÃÂÃÂÃÂ©,9528
619,"Sai Santhi Cafe, 9583",'tasty',Sai Santhi Cafe,9583
620,"Marzipan Cafe & Bakery, 9816",'sweet',Marzipan Cafe & Bakery,9816
621,"Burp, 9877",'tummyfull',Burp,9877
622,"The Egg Factory, 9899",'desi touch',The Egg Factory,9899
623,"Malabar Bay, 9945",'authentic taste',Malabar Bay,9945
624,"The Cheesecake Corner, 9968",'yum',The Cheesecake Corner,9968
625,"La Pino'z Pizza, 10091",'tasty',La Pino'z Pizza,10091
626,"Hotel Janatha, 10117",'blore',Hotel Janatha,10117
627,"Silbatti, 10194",'crusty',Silbatti,10194
628,"Oh! Calcutta, 10275",'cozzy',Oh! Calcutta,10275
629,"Little Italy, 10323",'pure vegetarian restaurant',Little Italy,10323
630,"Marzipan Cafe & Bakery, 10380",'sweet',Marzipan Cafe & Bakery,10380
631,"XOOX Brewmill, 10385",'arancini',XOOX Brewmill,10385
632,"Malabar Bay, 10574",'authentic taste',Malabar Bay,10574
633,"Ovenstory Pizza, 10605",'cheesy',Ovenstory Pizza,10605
634,"Pani Kum Chai, 10756","'chai', 'rich', 'yum'",Pani Kum Chai,10756
635,"BBQ'D - Global Grill & Brewery, 10802","'momos', 'tasty'",BBQ'D - Global Grill & Brewery,10802
636,"Warm Oven, 10897",'yummy',Warm Oven,10897
637,"The French Loaf, 10904",'hus',The French Loaf,10904
638,"Smokey Tribe Restaurant, 10954",'authentic',Smokey Tribe Restaurant,10954
639,"Chaai Resto, 11009",'flavorful',Chaai Resto,11009
640,"XOOX Brewmill, 11032",'arancini',XOOX Brewmill,11032
641,"Fattoush, 11051",'sitapal cream',Fattoush,11051
642,"Bakingo, 11102",'yum',Bakingo,11102
643,"Vijayalakshmi Veg, 11157",'sweetish',Vijayalakshmi Veg,11157
644,"Sotally Tober, 11160","'lean','drinks'","Sotally Tober,Sotally Tober","11160,11160"
645,"Sandesh Sweets & Chats, 11215",'chaat',Sandesh Sweets & Chats,11215
646,"Marzipan Cafe & Bakery, 11258",'sweet',Marzipan Cafe & Bakery,11258
647,"The Cheesecake Corner, 11348",'yum',The Cheesecake Corner,11348
648,"Calvin's, 11405",'fudgy',Calvin's,11405
649,"Sandesh Sweets & Chats, 11642",'chaat',Sandesh Sweets & Chats,11642
650,"Naati Manae, 11672",'spicy',Naati Manae,11672
651,"Gilly's Restobar, 11676",'chillout',Gilly's Restobar,11676
652,"La Pino'z Pizza, 11753",'tasty',La Pino'z Pizza,11753
653,"Asia Kitchen By Mainland China, 11839",'fluffy',Asia Kitchen By Mainland China,11839
654,"Marhaba, 12021",'soft',Marhaba,12021
655,"Oh! Calcutta, 12030",'cozzy',Oh! Calcutta,12030
656,"FNC Seafood, 12101",'oil',FNC Seafood,12101
657,"Paradise, 12199",'rich & creamy',Paradise,12199
658,"Cafe Palmyra, 12251",'tasty',Cafe Palmyra,12251
659,"Cakebuy, 12312",'tasty',Cakebuy,12312
660,"Pani Kum Chai, 12338","'chai', 'rich', 'yum'",Pani Kum Chai,12338
661,"Brik Oven, 12419","'sweet','pizza lovers'","Brik Oven,Brik Oven","12419,12419"
662,"BelgYum, 12499",'crispy',BelgYum,12499
663,"Malabar Bay, 12532",'authentic taste',Malabar Bay,12532
664,"Marzipan Cafe & Bakery, 12549",'sweet',Marzipan Cafe & Bakery,12549
665,"Naati Manae, 12585",'spicy',Naati Manae,12585
666,"Kopper Kadai, 12604",'tasty',Kopper Kadai,12604
667,"Behrouz Biryani, 12636",'juicy',Behrouz Biryani,12636
668,"Marzipan Cafe & Bakery, 12640",'sweet',Marzipan Cafe & Bakery,12640
669,"Warm Oven, 12802",'yummy',Warm Oven,12802
670,"Healthie, 12813",'cottage cheese',Healthie,12813
671,"Shree Khana Khazana, 12824","'biriyani', 'little spicy'",Shree Khana Khazana,12824
672,"BBQ'D - Global Grill & Brewery, 12883","'momos', 'tasty'",BBQ'D - Global Grill & Brewery,12883
673,"XOOX Brewmill, 12932",'arancini',XOOX Brewmill,12932
674,"Foreign CafÃÂÃÂÃÂÃÂÃÂÃÂÃÂÃÂ©, 12955",'tasty',Foreign CafÃÂÃÂÃÂÃÂÃÂÃÂÃÂÃÂ©,12955
675,"Toscano, 13039",'eggless',Toscano,13039
676,"Naati Manae, 13044",'spicy',Naati Manae,13044
677,"Bakingo, 13181",'yum',Bakingo,13181
678,"BBQ'D - Global Grill & Brewery, 13193","'momos', 'tasty'",BBQ'D - Global Grill & Brewery,13193
679,"Healthie, 13241",'cottage cheese',Healthie,13241
680,"Brik Oven, 13251","'sweet','pizza lovers'","Brik Oven,Brik Oven","13251,13251"
681,"Kopper Kadai, 13398",'tasty',Kopper Kadai,13398
682,"Kopper Kadai, 13451",'tasty',Kopper Kadai,13451
683,"Bakingo, 13605",'yum',Bakingo,13605
684,"The Waffles Hut, 13651",'fresh',The Waffles Hut,13651
685,"LIT Gastro Pub, 13789",'jayanagar',LIT Gastro Pub,13789
686,"Konaseema Grand, 145",'mutton biryani',Konaseema Grand,145
687,"The Marash, 175",'ice cream',The Marash,175
688,"Vaho Kafe & Pressery, 292","'rice', 'prawn'",Vaho Kafe & Pressery,292
689,"The Marash, 407",'ice cream',The Marash,407
690,"The Marash, 595",'ice cream',The Marash,595
691,"Rajdhani Thali Restaurant, 677",'daal baati choorma',Rajdhani Thali Restaurant,677
692,"Fazzito Kitchen, 768",'chicken dhaba murg',Fazzito Kitchen,768
693,"Punjabi Swag, 771",'chaap',Punjabi Swag,771
694,"KazÃÂÃÂÃÂÃÂÃÂÃÂÃÂÃÂ©, 886",'crispy chicken starter',KazÃÂÃÂÃÂÃÂÃÂÃÂÃÂÃÂ©,886
695,"Barbeque Nation, 905",'spicy gulab jamun',Barbeque Nation,905
696,"Alchemy - The Chancery Pavilion, 944",'mysore pak dessert',Alchemy - The Chancery Pavilion,944
697,"Vietnamese Kitchen, 1019","'tofu', 'mushroom soup'",Vietnamese Kitchen,1019
698,"A Hole Lotta Love Cafe, 1192",'ginger',A Hole Lotta Love Cafe,1192
699,"Barbeque Nation, 1348",'spicy gulab jamun',Barbeque Nation,1348
700,"Alchemy - The Chancery Pavilion, 1388",'mysore pak dessert',Alchemy - The Chancery Pavilion,1388
701,"Rajdhani Thali Restaurant, 1467",'daal baati choorma',Rajdhani Thali Restaurant,1467
702,"Curry Leaves, 1623","'ghee roast', 'spicy','gulab jamun', 'nt', 'soft'","Curry Leaves,Curry Leaves","1623,1623"
703,"Lazy Suzy, 1722",'herbed chicken salad',Lazy Suzy,1722
704,"Cafe Noir, 2058",'chicken bruscehtta',Cafe Noir,2058
705,"Float, 2059",'virgin mojito',Float,2059
706,"Cream Chemistry, 2119",'ice cream',Cream Chemistry,2119
707,"Soda Bottle Opener Wala, 2168",'cutlet pav',Soda Bottle Opener Wala,2168
708,"Mysuru Coffee Thindi, 2192",'akki roti meal',Mysuru Coffee Thindi,2192
709,"Byg Brewski Brewing Company, 2346","'chocolate brownie dessert','drinks'","Byg Brewski Brewing Company,Byg Brewski Brewing Company","2346,2346"
710,"Kenny's Restaurant, 2400","'chicken lollypop', 'spicy', 'delicious'",Kenny's Restaurant,2400
711,"Cream Chemistry, 2417",'ice cream',Cream Chemistry,2417
712,"Lazy Suzy, 2584",'herbed chicken salad',Lazy Suzy,2584
713,"Alchemy - The Chancery Pavilion, 2666",'mysore pak dessert',Alchemy - The Chancery Pavilion,2666
714,"Crunch Pizzas, 2697",'authentic',Crunch Pizzas,2697
715,"KazÃÂÃÂÃÂÃÂÃÂÃÂÃÂÃÂÃÂÃÂÃÂÃÂÃÂÃÂÃÂÃÂ©, 2731",'crispy chicken starter',KazÃÂÃÂÃÂÃÂÃÂÃÂÃÂÃÂÃÂÃÂÃÂÃÂÃÂÃÂÃÂÃÂ©,2731
716,"Gilly's Restobar, 2747",'pepper prawn starter',Gilly's Restobar,2747
717,"Crown Gold, 2774",'coorg style masala',Crown Gold,2774
718,"Ayda Persian Kitchen, 2872",'saffron rice',Ayda Persian Kitchen,2872
719,"Cream Chemistry, 3386",'ice cream',Cream Chemistry,3386
720,"Smally's Resto Cafe, 3460",'crispy chicken burger',Smally's Resto Cafe,3460
721,"The Marash, 3531",'ice cream',The Marash,3531
722,"Mumbai Tiffin, 3634",'veg premium thali',Mumbai Tiffin,3634
723,"Shiv Sagar, 3835",'methi paratha too',Shiv Sagar,3835
724,"KazÃÂÃÂÃÂÃÂÃÂÃÂÃÂÃÂÃÂÃÂÃÂÃÂÃÂÃÂÃÂÃÂ©, 3910",'crispy chicken starter',KazÃÂÃÂÃÂÃÂÃÂÃÂÃÂÃÂÃÂÃÂÃÂÃÂÃÂÃÂÃÂÃÂ©,3910
725,"Ayda Persian Kitchen, 3932",'saffron rice',Ayda Persian Kitchen,3932
726,"Smally's Resto Cafe, 3941",'crispy chicken burger',Smally's Resto Cafe,3941
727,"Spice Garden by Dum Mast Biryani, 4084",'butter chicken biryani',Spice Garden by Dum Mast Biryani,4084
728,"Ciclo Cafe, 4087",'chicken tikka pizza',Ciclo Cafe,4087
729,"Vietnamese Kitchen, 4233","'tofu', 'mushroom soup'",Vietnamese Kitchen,4233
730,"Ciclo Cafe, 4331","'pepperoni pizza', 'nt good'",Ciclo Cafe,4331
731,"A Hole Lotta Love Cafe, 4397",'ginger',A Hole Lotta Love Cafe,4397
732,"Vaho Kafe & Pressery, 4436","'rice', 'prawn'",Vaho Kafe & Pressery,4436
733,"Ciclo Cafe, 4466","'pepperoni pizza', 'nt good'",Ciclo Cafe,4466
734,"Zee5 Loft, 4501",'chocolate shake',Zee5 Loft,4501
735,"Slate Cafe, 4517",'pao',Slate Cafe,4517
736,"A Hole Lotta Love Cafe, 4541",'ginger',A Hole Lotta Love Cafe,4541
737,"Alchemy - The Chancery Pavilion, 4687",'mysore pak dessert',Alchemy - The Chancery Pavilion,4687
738,"The White Room - Coffee & Kitchen, 4845",'corn tortillas',The White Room - Coffee & Kitchen,4845
739,"The White Room - Coffee & Kitchen, 4864",'corn tortillas',The White Room - Coffee & Kitchen,4864
740,"Biergarten, 5065","'mezze platter', 'pizza'",Biergarten,5065
741,"Barbeque Nation, 5093",'spicy gulab jamun',Barbeque Nation,5093
742,"Barbeque Nation, 5095",'spicy gulab jamun',Barbeque Nation,5095
743,"Konaseema Grand, 5173",'mutton biryani',Konaseema Grand,5173
744,"Konaseema Grand, 5220",'mutton biryani',Konaseema Grand,5220
745,"The White Room - Coffee & Kitchen, 5223",'corn tortillas',The White Room - Coffee & Kitchen,5223
746,"Biergarten, 5263","'mezze platter', 'pizza'",Biergarten,5263
747,"KazÃÂÃÂÃÂÃÂÃÂÃÂÃÂÃÂÃÂÃÂÃÂÃÂÃÂÃÂÃÂÃÂ©, 5286",'crispy chicken starter',KazÃÂÃÂÃÂÃÂÃÂÃÂÃÂÃÂÃÂÃÂÃÂÃÂÃÂÃÂÃÂÃÂ©,5286
748,"Bozo's Yum Yums, 5457",'bacon burger',Bozo's Yum Yums,5457
749,"A Hole Lotta Love Cafe, 5691",'ginger',A Hole Lotta Love Cafe,5691
750,"Hungry Paunch, 5870","'mutton', 'chicken gravy'",Hungry Paunch,5870
751,"Crown Gold, 5881",'coorg style masala',Crown Gold,5881
752,"Punjabi Swag, 5921",'chaap',Punjabi Swag,5921
753,"Alchemy - The Chancery Pavilion, 5922",'mysore pak dessert',Alchemy - The Chancery Pavilion,5922
754,"Slate Cafe, 6093",'pao',Slate Cafe,6093
755,"Alchemy - The Chancery Pavilion, 6221",'mysore pak dessert',Alchemy - The Chancery Pavilion,6221
756,"KazÃÂÃÂÃÂÃÂÃÂÃÂÃÂÃÂÃÂÃÂÃÂÃÂÃÂÃÂÃÂÃÂ©, 6321",'crispy chicken starter',KazÃÂÃÂÃÂÃÂÃÂÃÂÃÂÃÂÃÂÃÂÃÂÃÂÃÂÃÂÃÂÃÂ©,6321
757,"Ayda Persian Kitchen, 6755",'saffron rice',Ayda Persian Kitchen,6755
758,"Slate Cafe, 6765",'pao',Slate Cafe,6765
759,"The White Room - Coffee & Kitchen, 6769",'corn tortillas',The White Room - Coffee & Kitchen,6769
760,"Crunch Pizzas, 6788",'authentic',Crunch Pizzas,6788
761,"The White Room - Coffee & Kitchen, 6937",'corn tortillas',The White Room - Coffee & Kitchen,6937
762,"Vaho Kafe & Pressery, 8549","'rice', 'prawn'",Vaho Kafe & Pressery,8549
763,"A Hole Lotta Love Cafe, 8694",'ginger',A Hole Lotta Love Cafe,8694
764,"Soda Bottle Opener Wala, 8748",'cutlet pav',Soda Bottle Opener Wala,8748
765,"Tea Villa Cafe, 8756",'earl grey tea',Tea Villa Cafe,8756
766,"Tea Villa Cafe, 8810",'earl grey tea',Tea Villa Cafe,8810
767,"KazÃÂÃÂÃÂÃÂÃÂÃÂÃÂÃÂ©, 8832",'crispy chicken starter',KazÃÂÃÂÃÂÃÂÃÂÃÂÃÂÃÂ©,8832
768,"Thyme & Whisk, 8847","'broccoli', 'almond soup'",Thyme & Whisk,8847
769,"Vaho Kafe & Pressery, 8862","'rice', 'prawn'",Vaho Kafe & Pressery,8862
770,"Crown Gold, 8915",'coorg style masala',Crown Gold,8915
771,"Ayda Persian Kitchen, 8989",'saffron rice',Ayda Persian Kitchen,8989
772,"Barbeque Nation, 9060",'spicy gulab jamun',Barbeque Nation,9060
773,"Chinita Real Mexican Food, 9284",'chicken burrito bowl',Chinita Real Mexican Food,9284
774,"Mysuru Coffee Thindi, 9557",'akki roti meal',Mysuru Coffee Thindi,9557
775,"Mainland China, 9572",'mocktail chilli guava',Mainland China,9572
776,"Gilly's Restobar, 9591",'pepper prawn starter',Gilly's Restobar,9591
777,"Ayda Persian Kitchen, 9598",'saffron rice',Ayda Persian Kitchen,9598
778,"Vaho Kafe & Pressery, 9637","'rice', 'prawn'",Vaho Kafe & Pressery,9637
779,"Tea Villa Cafe, 9887",'earl grey tea',Tea Villa Cafe,9887
780,"Thyme & Whisk, 10012","'broccoli', 'almond soup'",Thyme & Whisk,10012
781,"Biergarten, 10029","'mezze platter', 'pizza'",Biergarten,10029
782,"Thyme & Whisk, 10045","'broccoli', 'almond soup'",Thyme & Whisk,10045
783,"Rajdhani Thali Restaurant, 10305",'daal baati choorma',Rajdhani Thali Restaurant,10305
784,"Byg Brewski Brewing Company, 10422","'chocolate brownie dessert','drinks'","Byg Brewski Brewing Company,Byg Brewski Brewing Company","10422,10422"
785,"Float, 10488",'virgin mojito',Float,10488
786,"Smally's Resto Cafe, 10584",'crispy chicken burger',Smally's Resto Cafe,10584
787,"Thyme & Whisk, 10690","'broccoli', 'almond soup'",Thyme & Whisk,10690
788,"Cream Chemistry, 10767",'ice cream',Cream Chemistry,10767
789,"Konaseema Grand, 10780",'mutton biryani',Konaseema Grand,10780
790,"Phobidden Fruit, 10830",'chicken pho',Phobidden Fruit,10830
791,"Ciclo Cafe, 10873",'chicken tikka pizza',Ciclo Cafe,10873
792,"Crown Gold, 10917",'coorg style masala',Crown Gold,10917
793,"Drunkling - Sizzlers and Pub, 11050",'chicken piccata sizzler',Drunkling - Sizzlers and Pub,11050
794,"Hungry Paunch, 11083","'mutton', 'chicken gravy'",Hungry Paunch,11083
795,"Once Upon A Flame, 11113","'juicy', 'delicious'",Once Upon A Flame,11113
796,"Biergarten, 11331","'mezze platter', 'pizza'",Biergarten,11331
797,"The Marash, 11404",'ice cream',The Marash,11404
798,"Punjabi Swag, 11458",'chaap',Punjabi Swag,11458
799,"Mysuru Coffee Thindi, 11490",'akki roti meal',Mysuru Coffee Thindi,11490
800,"Ayda Persian Kitchen, 11648",'saffron rice',Ayda Persian Kitchen,11648
801,"Alchemy - The Chancery Pavilion, 11682",'mysore pak dessert',Alchemy - The Chancery Pavilion,11682
802,"Hungry Paunch, 11847","'mutton', 'chicken gravy'",Hungry Paunch,11847
803,"A Hole Lotta Love Cafe, 11861",'ginger',A Hole Lotta Love Cafe,11861
804,"Smally's Resto Cafe, 11964",'crispy chicken burger',Smally's Resto Cafe,11964
805,"Jetlag, 12009",'chicken ghee roast',Jetlag,12009
806,"Smally's Resto Cafe, 12063",'crispy chicken burger',Smally's Resto Cafe,12063
807,"Kenny's Restaurant, 12128","'chicken lollypop', 'spicy', 'delicious'",Kenny's Restaurant,12128
808,"Vaho Kafe & Pressery, 12191","'rice', 'prawn'",Vaho Kafe & Pressery,12191
809,"Gilly's Restobar, 12376",'pepper prawn starter',Gilly's Restobar,12376
810,"Vietnamese Kitchen, 12391","'tofu', 'mushroom soup'",Vietnamese Kitchen,12391
811,"The Marash, 12527",'ice cream',The Marash,12527
812,"Drunkling - Sizzlers and Pub, 12693",'chicken piccata sizzler',Drunkling - Sizzlers and Pub,12693
813,"Hungry Paunch, 12826","'mutton', 'chicken gravy'",Hungry Paunch,12826
814,"Udupi Ruchi, 12887",'chutney',Udupi Ruchi,12887
815,"Barkaas, 12985",'mutton curry',Barkaas,12985
816,"Rajdhani Thali Restaurant, 13236",'daal baati choorma',Rajdhani Thali Restaurant,13236
817,"Punjabi Swag, 13285",'chaap',Punjabi Swag,13285
818,"Cafe Mondo, 13353",'ice tea',Cafe Mondo,13353
819,"KazÃÂÃÂÃÂÃÂÃÂÃÂÃÂÃÂ©, 13445",'crispy chicken starter',KazÃÂÃÂÃÂÃÂÃÂÃÂÃÂÃÂ©,13445
820,"A Hole Lotta Love Cafe, 13491",'ginger',A Hole Lotta Love Cafe,13491
821,"Thyme & Whisk, 13497","'broccoli', 'almond soup'",Thyme & Whisk,13497
822,"Punjabi Swag, 13505",'chaap',Punjabi Swag,13505
823,"Ciclo Cafe, 13671","'pepperoni pizza', 'nt good'",Ciclo Cafe,13671
824,"Spice Garden by Dum Mast Biryani, 13687",'butter chicken biryani',Spice Garden by Dum Mast Biryani,13687
825,"Smally's Resto Cafe, 13822",'crispy chicken burger',Smally's Resto Cafe,13822
826,"Biergarten, 13852","'mezze platter', 'pizza'",Biergarten,13852
827,"Phobidden Fruit, 13885",'chicken pho',Phobidden Fruit,13885
828,"Dreams Cafe - All Day English Food St., 12",'burgers',Dreams Cafe - All Day English Food St.,12
829,"CakeWalk, 23","'mousses','cakes'","CakeWalk,CakeWalk","23,23"
830,"Kabab Mehal, 213","'shawarma', 'kababs'",Kabab Mehal,213
831,"Art of Delight, 224",'desserts',Art of Delight,224
832,"The Barn - Bar & Kitchen, 294",'frnds',The Barn - Bar & Kitchen,294
833,"Onesta, 430",'bruschettas',Onesta,430
834,"Cane-O-La, 661",'flavours',Cane-O-La,661
835,"Stoner, 681",'flavors',Stoner,681
836,"Dreams Cafe - All Day English Food St., 686",'burgers',Dreams Cafe - All Day English Food St.,686
837,"Shiro, 745",'drinks',Shiro,745
838,"The Barn - Bar & Kitchen, 784",'frnds',The Barn - Bar & Kitchen,784
839,"McDonald's, 815",'mcdonalds',McDonald's,815
840,"Onesta, 979",'bruschettas',Onesta,979
841,"Mojo Pizza - 2X Toppings, 1051",'onions',Mojo Pizza - 2X Toppings,1051
842,"The Black Pearl, 1070",'drinks',The Black Pearl,1070
843,"Hard Rock Cafe, 1188",'drinks',Hard Rock Cafe,1188
844,"Falafel's - The Lebanese Haus, 1239",'fresh filling falafels',Falafel's - The Lebanese Haus,1239
845,"Dreams Cafe - All Day English Food St., 1316",'burgers',Dreams Cafe - All Day English Food St.,1316
846,"Bon Sante, 1431",'drinks',Bon Sante,1431
847,"Anand Sweets And Savouries, 1483",'sugar cravings',Anand Sweets And Savouries,1483
848,"Stoked!, 1536",'coffee & pancakes',Stoked!,1536
849,"Cafe Daily Bread, 1611",'cheaters',Cafe Daily Bread,1611
850,"Bon Sante, 1628",'drinks',Bon Sante,1628
851,"Onesta, 1695",'bruschettas',Onesta,1695
852,"Kobe Sizzlers, 1839",'sizzlers',Kobe Sizzlers,1839
853,"Dreams Cafe - All Day English Food St., 1877",'burgers',Dreams Cafe - All Day English Food St.,1877
854,"BYLI - Bet You Love It!, 1904",'mocktails',BYLI - Bet You Love It!,1904
855,"The Royal Corner - Pai Viceroy, 2028",'Cheese garlic balls',The Royal Corner - Pai Viceroy,2028
856,"Stoner, 2054",'flavors',Stoner,2054
857,"Stoned Monkey, 2127",'icecreams',Stoned Monkey,2127
858,"Dreams Cafe - All Day English Food St., 2214",'burgers',Dreams Cafe - All Day English Food St.,2214
859,"The Reservoire, 2384",'karna',The Reservoire,2384
860,"McDonald's, 2434",'mcdonalds',McDonald's,2434
861,"DeliToons, 2624",'flavours',DeliToons,2624
862,"Stoked!, 2663",'coffee & pancakes',Stoked!,2663
863,"The Barn - Bar & Kitchen, 2667",'frnds',The Barn - Bar & Kitchen,2667
864,"Stoked!, 2703",'coffee & pancakes',Stoked!,2703
865,"Stoked!, 2721",'coffee & pancakes',Stoked!,2721
866,"Smoor, 2737",'sweets',Smoor,2737
867,"Koramangala Social, 2804",'drinks',Koramangala Social,2804
868,"Koramangala Social, 3049",'drinks',Koramangala Social,3049
869,"Bon Sante, 3112",'drinks',Bon Sante,3112
870,"Stoked!, 3140",'coffee & pancakes',Stoked!,3140
871,"Dreams Cafe - All Day English Food St., 3198",'burgers',Dreams Cafe - All Day English Food St.,3198
872,"Stoned Monkey, 3345",'icecreams',Stoned Monkey,3345
873,"Koramangala Social, 3368",'drinks',Koramangala Social,3368
874,"BYLI - Bet You Love It!, 3658",'mocktails',BYLI - Bet You Love It!,3658
875,"Art of Delight, 3798",'desserts',Art of Delight,3798
876,"Stoner, 3881",'flavors',Stoner,3881
877,"Stoned Monkey, 3956",'icecreams',Stoned Monkey,3956
878,"Prost Brew Pub, 4236",'beers',Prost Brew Pub,4236
879,"Stoked!, 4270",'coffee & pancakes',Stoked!,4270
880,"Anand Sweets And Savouries, 4351",'sugar cravings',Anand Sweets And Savouries,4351
881,"Whooppeezz, 4382",'pastas',Whooppeezz,4382
882,"DeliToons, 4549",'flavours',DeliToons,4549
883,"Stoned Monkey, 4862",'icecreams',Stoned Monkey,4862
884,"Stoked!, 4928",'coffee & pancakes',Stoked!,4928
885,"Grand Village, 5005",'desserts',Grand Village,5005
886,"Cafe Daily Bread, 5028",'cheaters',Cafe Daily Bread,5028
887,"Sotally Tober, 5112",'drinks',Sotally Tober,5112
888,"Koramangala Social, 5117",'drinks',Koramangala Social,5117
889,"Dreams Cafe - All Day English Food St., 5225",'burgers',Dreams Cafe - All Day English Food St.,5225
890,"Bloomsbury's Global Kitchen & Bakehouse, 5292",'desserts',Bloomsbury's Global Kitchen & Bakehouse,5292
891,"Onesta, 5307",'bruschettas',Onesta,5307
892,"Hard Rock Cafe, 5310",'drinks',Hard Rock Cafe,5310
893,"Anand Sweets And Savouries, 5316",'sugar cravings',Anand Sweets And Savouries,5316
894,"Gokul Kuteera, 5331",'innovative veg starters',Gokul Kuteera,5331
895,"Juicy, 5385",'good sandwiches',Juicy,5385
896,"Big Pitcher, 5464",'drinks',Big Pitcher,5464
897,"Sulemani Chichas, 5526",'spices',Sulemani Chichas,5526
898,"Stoned Monkey, 5861",'icecreams',Stoned Monkey,5861
899,"Onesta, 6079",'bruschettas',Onesta,6079
900,"Onesta, 6133",'bruschettas',Onesta,6133
901,"Stoned Monkey, 6156",'icecreams',Stoned Monkey,6156
902,"Prost Brew Pub, 6169",'beers',Prost Brew Pub,6169
903,"New Friends, 6181",'btm',New Friends,6181
904,"Treat, 6264",'mirchi',Treat,6264
905,"The Barn - Bar & Kitchen, 6334",'frnds',The Barn - Bar & Kitchen,6334
906,"New Friends, 6368",'btm',New Friends,6368
907,"Koramangala Social, 6379",'drinks',Koramangala Social,6379
908,"Anand Sweets And Savouries, 6458",'sugar cravings',Anand Sweets And Savouries,6458
909,"Gold Line Breadz, 6564",'pastries',Gold Line Breadz,6564
910,"Falafel's - The Lebanese Haus, 6684",'fresh filling falafels',Falafel's - The Lebanese Haus,6684
911,"Anand Sweets And Savouries, 6759",'sugar cravings',Anand Sweets And Savouries,6759
912,"The Pancake Story, 6827",'mini pancakes',The Pancake Story,6827
913,"Shiro, 6881",'drinks',Shiro,6881
914,"Art of Delight, 6909",'desserts',Art of Delight,6909
915,"Smoor, 6918",'sweets',Smoor,6918
916,"Cafe Daily Bread, 8650",'cheaters',Cafe Daily Bread,8650
917,"Whooppeezz, 8711",'pastas',Whooppeezz,8711
918,"Prost Brew Pub, 8724",'beers',Prost Brew Pub,8724
919,"Juicy, 8823",'good sandwiches',Juicy,8823
920,"Bon Sante, 8844",'drinks',Bon Sante,8844
921,"Prost Brew Pub, 8845",'beers',Prost Brew Pub,8845
922,"Gelato Italiano, 8855",'flavours',Gelato Italiano,8855
923,"Onesta, 9286",'bruschettas',Onesta,9286
924,"Gilly's Restobar, 9326",'drinks',Gilly's Restobar,9326
925,"New Friends, 9347",'btm',New Friends,9347
926,"The Square Table, 9396",'breads',The Square Table,9396
927,"Bon Sante, 9455",'drinks',Bon Sante,9455
928,"Dreams Cafe - All Day English Food St., 9465",'burgers',Dreams Cafe - All Day English Food St.,9465
929,"The Pancake Story, 9657",'mini pancakes',The Pancake Story,9657
930,"Onesta, 9658",'bruschettas',Onesta,9658
931,"Stoned Monkey, 9745",'icecreams',Stoned Monkey,9745
932,"Barbeque Nation, 9822",'mocktails',Barbeque Nation,9822
933,"Stoner, 10017",'flavors',Stoner,10017
934,"The Royal Corner - Pai Viceroy, 10205",'Cheese garlic balls',The Royal Corner - Pai Viceroy,10205
935,"Sulemani Chichas, 10322",'spices',Sulemani Chichas,10322
936,"The Square Table, 10471",'breads',The Square Table,10471
937,"Gokul Kuteera, 10495",'innovative veg starters',Gokul Kuteera,10495
938,"Stoner, 10508",'flavors',Stoner,10508
939,"New Friends, 10672",'btm',New Friends,10672
940,"The Black Pearl, 10765",'drinks',The Black Pearl,10765
941,"Gold Line Breadz, 10814",'pastries',Gold Line Breadz,10814
942,"Bon Sante, 11036",'drinks',Bon Sante,11036
943,"Brik Oven, 11221",'pizza lovers',Brik Oven,11221
944,"Barbeque Nation, 11261",'mocktails',Barbeque Nation,11261
945,"Shiro, 11309",'drinks',Shiro,11309
946,"The Barn - Bar & Kitchen, 11418",'frnds',The Barn - Bar & Kitchen,11418
947,"Prost Brew Pub, 11419",'beers',Prost Brew Pub,11419
948,"Bon Sante, 11463",'drinks',Bon Sante,11463
949,"Dreams Cafe - All Day English Food St., 11537",'burgers',Dreams Cafe - All Day English Food St.,11537
950,"Bon Sante, 11577",'drinks',Bon Sante,11577
951,"The Barn - Bar & Kitchen, 11644",'frnds',The Barn - Bar & Kitchen,11644
952,"Stoked!, 11650",'coffee & pancakes',Stoked!,11650
953,"Cane-O-La, 11669",'flavours',Cane-O-La,11669
954,"Stoner, 11703",'flavors',Stoner,11703
955,"Shiro, 11718",'drinks',Shiro,11718
956,"Bon Sante, 11827",'drinks',Bon Sante,11827
957,"Prost Brew Pub, 11860",'beers',Prost Brew Pub,11860
958,"Anand Sweets And Savouries, 11941",'sugar cravings',Anand Sweets And Savouries,11941
959,"Grand Village, 12031",'desserts',Grand Village,12031
960,"Hard Rock Cafe, 12182",'drinks',Hard Rock Cafe,12182
961,"Bon Sante, 12298",'drinks',Bon Sante,12298
962,"New Friends, 12347",'btm',New Friends,12347
963,"The Royal Corner - Pai Viceroy, 12359",'Cheese garlic balls',The Royal Corner - Pai Viceroy,12359
964,"Grand Village, 12369",'desserts',Grand Village,12369
965,"Treat, 12413",'mirchi',Treat,12413
966,"Gold Line Breadz, 12427",'pastries',Gold Line Breadz,12427
967,"Anand Sweets And Savouries, 12466",'sugar cravings',Anand Sweets And Savouries,12466
968,"The Barn - Bar & Kitchen, 12555",'frnds',The Barn - Bar & Kitchen,12555
969,"Barbeque Nation, 12799",'mocktails',Barbeque Nation,12799
970,"Barbeque Nation, 12825",'mocktails',Barbeque Nation,12825
971,"Bloomsbury's Global Kitchen & Bakehouse, 12857",'desserts',Bloomsbury's Global Kitchen & Bakehouse,12857
972,"Bon Sante, 13020",'drinks',Bon Sante,13020
973,"Sulemani Chichas, 13070",'spices',Sulemani Chichas,13070
974,"Bloomsbury's Global Kitchen & Bakehouse, 13208",'desserts',Bloomsbury's Global Kitchen & Bakehouse,13208
975,"The Barn - Bar & Kitchen, 13761",'frnds',The Barn - Bar & Kitchen,13761
976,"Stoner, 13801",'flavors',Stoner,13801
977,"Anand Sweets And Savouries, 13837",'sugar cravings',Anand Sweets And Savouries,13837
978,"Stoned Monkey, 13896",'icecreams',Stoned Monkey,13896
979,"Pizza Hut, 13910",'toppings',Pizza Hut,13910
