,name&num,FOOD,name,num
0,"Hammered, 303","'peri peri chicken wings', 'Drinks'",Hammered,303
1,"Hammered, 440","'peri peri chicken wings', 'Drinks'",Hammered,440
2,"Hammered, 738","'peri peri chicken wings', 'Drinks'",Hammered,738
3,"Hammered, 1161","'peri peri chicken wings', 'Drinks'",Hammered,1161
4,"Hammered, 1746","'peri peri chicken wings', 'Drinks'",Hammered,1746
5,"Hammered, 1751","'peri peri chicken wings', 'Drinks'",Hammered,1751
6,"Hammered, 1901","'peri peri chicken wings', 'Drinks'",Hammered,1901
7,"Hammered, 3778","'peri peri chicken wings', 'Drinks'",Hammered,3778
8,"Hammered, 4814","'peri peri chicken wings', 'Drinks'",Hammered,4814
9,"Hammered, 6006","'peri peri chicken wings', 'Drinks'",Hammered,6006
10,"Hammered, 6559","'peri peri chicken wings', 'Drinks'",Hammered,6559
11,"Hammered, 6876","'peri peri chicken wings', 'Drinks'",Hammered,6876
12,"Hammered, 9244","'peri peri chicken wings', 'Drinks'",Hammered,9244
13,"Hammered, 10620","'peri peri chicken wings', 'Drinks'",Hammered,10620
14,"Hammered, 10691","'peri peri chicken wings', 'Drinks'",Hammered,10691
15,"Hammered, 11414","'peri peri chicken wings', 'Drinks'",Hammered,11414
16,"Hammered, 12930","'peri peri chicken wings', 'Drinks'",Hammered,12930
17,"Hammered, 13921","'peri peri chicken wings', 'Drinks'",Hammered,13921
18,"Skoolroom, 633",'ball(fried ice cream',Skoolroom,633
19,"Skoolroom, 889",'ball(fried ice cream',Skoolroom,889
20,"Skoolroom, 981",'ball(fried ice cream',Skoolroom,981
21,"Skoolroom, 1531",'ball(fried ice cream',Skoolroom,1531
22,"Skoolroom, 3826",'ball(fried ice cream',Skoolroom,3826
23,"Skoolroom, 6327",'ball(fried ice cream',Skoolroom,6327
24,"Skoolroom, 9524",'ball(fried ice cream',Skoolroom,9524
25,"Skoolroom, 9697",'ball(fried ice cream',Skoolroom,9697
26,"Skoolroom, 12714",'ball(fried ice cream',Skoolroom,12714
27,"Deja Vu Resto Bar, 67","'Brownie', 'strawberry cheese cake', 'milk cake'",Deja Vu Resto Bar,67
28,"Deja Vu Resto Bar, 1013","'Brownie', 'strawberry cheese cake', 'milk cake'",Deja Vu Resto Bar,1013
29,"Deja Vu Resto Bar, 3077","'Brownie', 'strawberry cheese cake', 'milk cake'",Deja Vu Resto Bar,3077
30,"Deja Vu Resto Bar, 4609","'Brownie', 'strawberry cheese cake', 'milk cake'",Deja Vu Resto Bar,4609
31,"Deja Vu Resto Bar, 5174","'Brownie', 'strawberry cheese cake', 'milk cake'",Deja Vu Resto Bar,5174
32,"Deja Vu Resto Bar, 5745","'Brownie', 'strawberry cheese cake', 'milk cake'",Deja Vu Resto Bar,5745
33,"Deja Vu Resto Bar, 5891","'Brownie', 'strawberry cheese cake', 'milk cake'",Deja Vu Resto Bar,5891
34,"Deja Vu Resto Bar, 6861","'Brownie', 'strawberry cheese cake', 'milk cake'",Deja Vu Resto Bar,6861
35,"Deja Vu Resto Bar, 8785","'Brownie', 'strawberry cheese cake', 'milk cake'",Deja Vu Resto Bar,8785
36,"Deja Vu Resto Bar, 9397","'Brownie', 'strawberry cheese cake', 'milk cake'",Deja Vu Resto Bar,9397
37,"Deja Vu Resto Bar, 10300","'Brownie', 'strawberry cheese cake', 'milk cake'",Deja Vu Resto Bar,10300
38,"Deja Vu Resto Bar, 13313","'Brownie', 'strawberry cheese cake', 'milk cake'",Deja Vu Resto Bar,13313
39,"Bistro Claytopia, 44","'thukpa', 'tropical mix shake'",Bistro Claytopia,44
40,"Curries And Pickles, 49",'nt wanna try',Curries And Pickles,49
41,"Bistro Claytopia, 221","'thukpa', 'tropical mix shake'",Bistro Claytopia,221
42,"The Vintage Cafe, 331","'chilli flakes', 'oregano'",The Vintage Cafe,331
43,"Swad Restaurant, 1107",'chinese',Swad Restaurant,1107
44,"Bistro Claytopia, 1730","'thukpa', 'tropical mix shake'",Bistro Claytopia,1730
45,"The Vintage Cafe, 2257","'chilli flakes', 'oregano'",The Vintage Cafe,2257
46,"Bistro Claytopia, 3507","'thukpa', 'tropical mix shake'",Bistro Claytopia,3507
47,"Curries And Pickles, 3967",'nt wanna try',Curries And Pickles,3967
48,"Whooppeezz, 4382","'pastas', 'nachos'",Whooppeezz,4382
49,"Arbor Brewing Company, 5043","'pizzas', 'starters', 'pastas'",Arbor Brewing Company,5043
50,"Bistro Claytopia, 5497","'thukpa', 'tropical mix shake'",Bistro Claytopia,5497
51,"Bistro Claytopia, 5663","'thukpa', 'tropical mix shake'",Bistro Claytopia,5663
52,"Swad Restaurant, 5759",'chinese',Swad Restaurant,5759
53,"Curries And Pickles, 6364",'nt wanna try',Curries And Pickles,6364
54,"Keep It Straight Cafe, 6910",'hookah flavours',Keep It Straight Cafe,6910
55,"99 Pancakes, 8516",'chocolate paroline mini pancake',99 Pancakes,8516
56,"Whooppeezz, 8711","'pastas', 'nachos'",Whooppeezz,8711
57,"Bistro Claytopia, 9296","'thukpa', 'tropical mix shake'",Bistro Claytopia,9296
58,"Arbor Brewing Company, 9370","'pizzas', 'starters', 'pastas'",Arbor Brewing Company,9370
59,"Swad Restaurant, 11566",'chinese',Swad Restaurant,11566
60,"Bistro Claytopia, 12026","'thukpa', 'tropical mix shake'",Bistro Claytopia,12026
61,"Bistro Claytopia, 13176","'thukpa', 'tropical mix shake'",Bistro Claytopia,13176
62,"Arbor Brewing Company, 13247","'pizzas', 'starters', 'pastas'",Arbor Brewing Company,13247
63,"MISU, 635",'dumplings',MISU,635
64,"MISU, 1071",'dumplings',MISU,1071
65,"MISU, 2379",'dumplings',MISU,2379
66,"MISU, 6390",'dumplings',MISU,6390
67,"MISU, 6524",'dumplings',MISU,6524
68,"MISU, 6743",'dumplings',MISU,6743
69,"MISU, 8578",'dumplings',MISU,8578
70,"MISU, 9812",'dumplings',MISU,9812
71,"MISU, 12282",'dumplings',MISU,12282
72,"MISU, 12520",'dumplings',MISU,12520
73,"MISU, 12623",'dumplings',MISU,12623
